slope_deg,elevation_m,lithology_idx,rainfall_3d_mm,rainfall_24h_intensity,soil_moisture_pct,displacement_rate,fault_distance_m,target_class
44.24,1263.41,4.00,358.49,19.87,98.60,0.27,414.88,3
43.48,1401.26,4.00,327.78,13.72,96.57,3.35,311.39,3
36.46,1212.53,4.00,316.98,16.24,94.55,2.74,238.15,3
40.30,1351.73,4.00,406.29,16.48,100.00,0.84,372.68,3
40.40,1245.00,4.00,327.26,20.86,99.92,0.16,291.34,3
41.70,1326.72,4.00,310.67,18.58,100.00,0.92,629.05,3
45.08,1300.56,4.00,339.41,14.40,91.13,7.94,342.02,3
37.79,1174.33,4.00,314.04,15.70,100.00,5.88,583.16,3
39.56,1242.89,4.00,350.58,18.23,97.12,1.68,422.15,3
46.63,1172.22,4.00,363.17,16.19,93.77,5.62,438.63,3
43.76,1464.56,4.00,341.40,19.99,84.28,0.12,573.29,3
37.53,1405.10,4.00,364.89,15.36,96.79,6.34,225.74,3
39.67,1219.79,4.00,365.19,16.29,96.82,10.04,526.99,3
47.30,1301.07,4.00,334.57,17.32,98.46,2.51,394.83,3
43.54,1311.33,4.00,342.43,14.60,91.51,0.57,386.90,3
44.09,1260.07,4.00,347.67,9.23,94.34,16.06,660.59,3
35.78,1276.82,4.00,343.81,22.69,98.85,0.70,495.23,3
43.69,1279.11,4.00,361.48,11.85,95.35,5.86,565.97,3
47.41,1111.78,4.00,356.97,21.87,94.06,0.19,365.06,3
48.47,1384.83,4.00,342.53,14.20,100.00,0.86,266.57,3
39.28,1465.99,4.00,322.72,14.33,100.00,7.65,265.37,3
47.27,1584.70,4.00,334.19,14.68,91.36,1.93,628.61,3
44.33,1315.64,4.00,348.56,16.34,95.92,0.79,484.84,3
43.29,1381.69,4.00,346.67,11.65,100.00,1.14,648.77,3
39.09,1374.45,4.00,371.26,12.84,100.00,4.82,511.92,3
39.46,1297.50,4.00,308.05,12.98,100.00,4.49,414.06,3
42.55,1454.42,4.00,335.68,23.46,100.00,1.48,321.43,3
42.65,1263.53,4.00,339.20,17.52,97.29,2.19,566.56,3
40.94,1382.77,4.00,347.65,11.56,100.00,3.80,507.80,3
43.31,1182.93,4.00,368.74,15.45,100.00,5.46,609.93,3
37.68,1167.46,4.00,355.18,16.84,100.00,7.20,1027.91,3
47.16,1398.58,4.00,348.11,15.83,93.08,0.44,224.88,3
40.80,1289.82,4.00,400.17,9.70,100.00,0.14,208.09,3
39.37,1239.82,4.00,381.31,15.69,100.00,0.40,259.37,3
42.66,1201.81,4.00,395.90,17.20,87.85,7.14,477.97,3
40.94,1079.70,4.00,323.00,20.28,97.99,1.30,402.32,3
48.68,1328.60,4.00,310.78,18.05,100.00,2.45,604.87,3
39.94,1126.41,4.00,336.37,20.92,99.88,2.89,310.11,3
41.62,1130.27,4.00,383.11,11.01,97.36,2.11,469.61,3
42.70,1561.76,4.00,352.42,18.03,98.79,3.97,459.13,3
42.90,1359.46,4.00,381.95,11.59,100.00,12.77,157.19,3
44.04,1266.98,4.00,330.14,15.92,100.00,0.11,380.32,3
40.44,1381.95,4.00,351.23,13.22,100.00,5.98,496.09,3
40.30,1385.21,4.00,356.09,13.17,89.27,6.74,266.91,3
44.41,1255.74,4.00,336.86,18.60,100.00,0.49,572.03,3
42.54,1391.71,4.00,329.22,18.15,98.56,0.05,578.10,3
43.63,1264.38,4.00,344.72,17.09,95.09,1.56,763.86,3
46.72,1136.40,4.00,361.57,17.30,95.81,3.59,448.68,3
45.91,1262.35,4.00,321.66,14.34,100.00,4.33,365.44,3
40.98,1304.46,4.00,356.28,17.92,100.00,13.24,378.39,3
39.99,1254.39,4.00,350.07,19.73,100.00,0.53,426.01,3
41.44,1279.45,4.00,325.24,15.16,100.00,3.94,565.63,3
42.12,1328.21,4.00,359.55,14.10,100.00,0.34,451.89,3
44.16,1286.52,4.00,399.19,16.52,97.41,4.44,729.00,3
45.55,1302.00,4.00,397.05,12.88,94.96,2.80,360.09,3
46.11,1062.78,4.00,294.48,16.39,100.00,0.80,595.58,3
37.88,1499.78,4.00,371.79,13.89,89.72,15.77,653.08,3
43.46,1313.45,4.00,280.99,12.60,99.35,9.00,441.68,3
42.52,1285.64,4.00,331.05,17.17,93.59,13.86,428.64,3
37.71,1344.26,4.00,368.81,19.92,95.03,5.01,404.42,3
47.93,1293.88,4.00,371.78,15.50,100.00,9.42,713.30,3
38.93,1247.71,4.00,379.53,17.93,97.40,0.07,398.65,3
46.20,1068.95,4.00,312.72,9.18,98.38,3.25,557.63,3
40.80,1440.13,4.00,366.84,16.29,99.91,1.34,569.46,3
43.84,1276.08,4.00,290.61,15.03,92.17,0.36,550.45,3
38.65,1338.52,4.00,360.98,14.43,100.00,0.85,402.10,3
40.64,1184.86,4.00,339.62,12.19,96.68,3.15,270.32,3
42.14,1285.06,4.00,355.16,18.91,100.00,6.21,356.95,3
40.64,1210.90,4.00,335.42,8.39,90.91,2.79,655.03,3
45.48,1161.45,4.00,343.02,18.21,94.17,2.67,461.92,3
36.88,1304.42,4.00,323.39,11.03,96.12,0.57,287.77,2
43.26,1389.27,4.00,368.68,17.26,94.76,3.47,449.51,3
47.83,1344.67,4.00,316.37,14.73,94.75,4.67,242.58,3
35.80,1392.95,4.00,342.99,15.68,97.83,0.75,414.23,3
40.22,1221.54,4.00,327.49,12.71,100.00,2.38,325.36,3
39.37,1419.81,2.00,600.00,45.82,95.66,4.97,770.11,3
38.35,1520.17,2.00,561.16,46.63,96.02,1.76,935.59,3
38.98,1101.09,2.00,591.43,44.08,90.85,3.92,969.66,3
37.77,1284.68,2.00,586.60,45.14,94.84,0.29,792.32,3
35.89,1521.23,2.00,600.00,47.31,95.66,2.39,1215.08,3
40.02,1405.63,2.00,600.00,43.19,100.00,3.84,826.65,3
37.58,1443.65,2.00,588.04,46.76,98.09,7.58,802.14,3
39.01,1679.05,2.00,600.00,44.02,100.00,2.60,788.79,3
35.63,1162.36,2.00,600.00,42.47,90.52,10.34,852.41,3
40.90,1164.66,2.00,600.00,47.31,91.13,0.67,1021.56,3
39.78,1579.68,2.00,600.00,45.25,97.08,1.68,910.57,3
40.91,1327.27,2.00,600.00,43.57,100.00,1.88,900.05,3
42.50,1376.64,2.00,592.21,43.34,100.00,4.61,996.03,3
39.45,1655.22,2.00,583.56,41.27,89.33,2.79,1074.41,3
38.63,1747.23,2.00,597.83,45.14,100.00,11.51,938.54,3
35.23,1486.58,2.00,600.00,49.04,100.00,12.26,773.32,3
37.68,1523.73,2.00,600.00,46.57,96.47,1.84,829.99,3
34.46,1231.42,2.00,600.00,45.22,92.26,6.02,655.74,3
32.74,1398.71,2.00,574.76,44.55,99.96,2.44,652.13,3
37.19,1513.54,2.00,600.00,48.38,98.39,0.40,684.02,3
38.00,1448.99,2.00,585.96,45.45,95.30,10.27,951.14,3
35.99,1364.38,2.00,600.00,43.37,95.72,6.72,865.96,3
42.86,1110.88,2.00,550.94,41.28,92.93,0.90,880.56,3
33.07,1336.66,2.00,575.14,50.26,100.00,0.12,1040.73,2
35.53,1342.60,2.00,600.00,44.61,100.00,1.22,692.01,3
37.16,1385.02,2.00,600.00,46.33,97.83,4.96,1023.90,3
35.70,1317.52,2.00,561.16,50.29,92.55,2.15,727.55,3
32.55,1502.72,2.00,570.89,50.26,87.51,1.57,1104.47,3
41.40,1426.29,2.00,594.51,49.04,100.00,1.34,950.84,3
38.60,1407.92,2.00,600.00,46.04,96.76,0.08,733.25,3
32.30,1496.22,2.00,600.00,47.15,97.19,0.05,929.04,2
38.90,1547.92,2.00,600.00,48.04,88.95,3.29,658.06,3
36.78,1453.83,2.00,567.04,46.74,90.86,1.98,730.23,3
34.58,1556.44,2.00,579.17,52.90,100.00,5.94,877.73,3
40.13,1247.70,2.00,600.00,43.02,89.86,6.63,998.07,3
37.88,1642.50,2.00,587.23,50.44,100.00,7.23,765.63,3
34.19,1541.54,2.00,558.83,48.43,92.08,3.51,816.06,3
39.33,1503.27,2.00,600.00,48.24,100.00,1.29,918.88,3
32.66,1423.05,2.00,600.00,45.40,100.00,15.94,818.01,3
37.86,1511.78,2.00,600.00,45.09,100.00,0.17,772.59,3
33.08,1490.12,2.00,576.84,48.83,98.43,1.70,870.25,3
43.06,1453.59,2.00,600.00,40.54,100.00,1.19,983.44,3
40.50,1435.64,2.00,600.00,42.95,96.94,4.44,477.31,3
36.44,1604.41,2.00,600.00,43.43,97.48,1.97,807.73,3
34.48,1303.89,2.00,554.56,41.38,93.58,13.48,952.39,3
41.45,1404.32,2.00,600.00,47.02,93.26,21.28,907.36,3
42.08,1624.53,2.00,563.65,45.22,96.89,0.93,760.16,3
35.77,1572.68,2.00,600.00,43.29,95.01,7.61,920.71,3
35.53,1345.57,2.00,600.00,47.81,94.96,9.45,874.70,3
35.86,1383.48,2.00,600.00,46.00,100.00,0.41,1151.53,3
31.88,1279.12,2.00,600.00,42.15,94.95,1.12,848.76,3
36.19,1456.85,2.00,600.00,48.57,100.00,7.84,770.37,3
42.63,1294.18,2.00,561.92,46.39,100.00,4.83,895.83,3
40.87,1490.87,2.00,600.00,48.51,100.00,0.78,947.31,3
36.70,1329.97,2.00,585.66,46.48,100.00,3.19,910.06,3
38.67,1435.57,2.00,568.90,47.24,100.00,6.81,1174.49,3
38.93,1381.83,2.00,600.00,45.14,100.00,12.10,633.78,3
36.44,1453.29,2.00,600.00,41.92,100.00,1.91,744.98,3
36.32,1445.34,2.00,600.00,43.42,99.21,6.62,544.71,3
36.06,1655.74,2.00,566.70,38.40,100.00,5.32,774.69,3
41.93,1587.27,2.00,597.34,41.56,99.31,4.58,944.99,3
32.66,1346.97,2.00,600.00,45.73,98.55,1.08,902.81,3
38.26,1402.47,2.00,600.00,43.97,100.00,0.92,845.66,3
39.20,1484.81,2.00,600.00,46.34,100.00,0.63,1049.37,3
42.37,1488.97,2.00,577.13,44.85,100.00,2.53,736.39,3
37.86,1258.31,2.00,600.00,42.96,100.00,1.67,752.11,3
37.03,1426.95,2.00,598.57,42.94,100.00,1.55,775.62,3
40.75,1481.05,2.00,578.73,44.86,99.98,4.33,676.25,3
39.84,1643.80,2.00,580.99,45.11,98.38,0.37,837.08,3
34.49,1396.27,2.00,600.00,46.92,96.57,0.82,935.89,3
38.96,1334.17,2.00,600.00,46.07,100.00,7.28,952.22,3
41.67,1365.77,2.00,600.00,45.59,100.00,3.36,746.62,3
36.71,1454.55,2.00,577.11,43.41,100.00,3.10,1019.40,3
44.05,1482.36,2.00,600.00,45.36,100.00,0.34,696.58,3
41.82,1416.71,2.00,600.00,47.62,88.81,2.09,714.76,3
34.79,1525.65,1.00,366.10,10.52,100.00,4.62,1194.22,2
28.28,1331.27,1.00,344.01,12.44,100.00,2.00,1011.93,2
31.81,1447.50,1.00,336.35,12.68,96.70,7.11,1099.26,2
35.13,1365.02,1.00,282.74,11.75,99.06,1.45,1359.36,2
38.02,1191.23,1.00,314.94,8.54,92.23,2.97,1374.12,2
28.55,1367.31,1.00,271.62,12.66,98.44,0.57,1385.05,2
39.25,1502.03,1.00,315.28,10.85,98.07,3.72,1511.51,2
35.27,1555.85,1.00,316.42,13.04,98.04,0.12,1117.36,2
36.55,1406.23,1.00,342.32,11.66,100.00,0.08,900.27,2
34.49,1454.30,1.00,320.66,15.16,87.39,2.20,1640.66,2
37.88,1275.21,1.00,339.32,8.74,96.26,4.05,1487.10,2
35.92,1289.94,1.00,323.23,17.91,100.00,1.69,1246.14,2
37.87,1542.44,1.00,339.97,8.47,100.00,0.23,1028.05,2
37.52,1369.71,1.00,332.52,16.21,100.00,1.04,1253.33,2
38.16,1252.69,1.00,338.94,14.00,98.21,3.41,1406.36,2
34.42,1276.56,1.00,292.05,6.97,94.69,1.19,1432.88,2
31.76,1241.23,1.00,365.05,14.93,95.87,0.96,1537.87,2
34.21,1535.13,1.00,312.64,11.84,93.06,1.02,970.08,2
37.58,1692.77,1.00,358.61,13.59,100.00,6.23,1328.01,2
33.12,1447.05,1.00,319.28,13.56,99.80,0.59,1057.45,2
30.54,1267.57,1.00,328.50,16.08,100.00,2.52,964.42,2
31.89,1209.58,1.00,320.64,11.42,94.18,1.49,1282.66,2
31.90,1438.37,1.00,284.18,13.22,99.88,3.28,1282.87,2
31.97,1407.64,1.00,335.80,12.32,100.00,4.31,1257.60,2
31.54,1320.45,1.00,288.93,17.15,92.54,3.03,1096.06,2
36.81,1332.75,1.00,369.49,9.42,100.00,1.20,1082.70,2
29.84,1437.18,1.00,339.84,13.14,98.89,0.05,1180.53,2
38.29,1594.81,1.00,285.58,12.70,100.00,1.37,947.20,2
31.19,1596.69,1.00,365.94,10.24,100.00,0.64,1444.26,2
30.15,1314.64,1.00,309.34,11.31,95.45,3.22,1205.02,2
34.82,1213.29,1.00,332.27,14.40,88.04,0.81,1256.11,2
36.43,1633.59,1.00,317.49,17.08,100.00,6.32,1097.87,3
35.89,1289.52,1.00,328.23,7.66,99.33,2.82,1064.41,2
38.60,1254.25,1.00,310.65,7.68,100.00,3.69,1317.01,2
42.12,1447.20,1.00,328.80,10.97,100.00,3.05,1177.13,3
30.25,1293.23,1.00,306.39,11.18,100.00,0.73,1306.21,2
30.14,1141.65,1.00,333.71,19.38,99.96,9.70,1325.77,3
32.65,1455.68,1.00,313.04,15.40,100.00,0.73,1289.94,2
33.39,1309.31,1.00,337.41,9.20,100.00,2.05,1198.63,2
33.21,1423.71,1.00,385.62,11.00,96.10,1.40,1279.45,2
30.27,1363.37,1.00,308.76,11.34,100.00,6.75,1279.45,2
27.69,1322.42,1.00,251.79,12.78,100.00,0.49,1081.01,2
39.36,1546.25,1.00,318.66,16.37,100.00,8.23,1149.44,3
32.03,1350.69,1.00,314.82,9.78,100.00,0.13,1105.81,2
34.56,1400.37,1.00,334.92,15.47,100.00,1.50,977.27,2
30.35,1374.92,1.00,320.79,14.87,96.96,1.07,1024.34,2
35.90,1491.10,1.00,309.59,4.13,96.72,1.53,1258.77,2
30.52,1396.29,1.00,275.00,18.08,92.84,0.79,1193.99,2
33.39,1605.41,1.00,289.70,7.06,100.00,4.45,1168.60,2
38.00,1265.50,1.00,284.02,10.68,99.47,2.03,1338.20,2
36.60,1435.92,1.00,356.54,16.58,100.00,0.33,1086.99,2
34.31,1606.66,1.00,318.28,12.17,100.00,0.15,1131.78,2
29.29,1283.41,1.00,354.01,9.93,93.72,0.38,1280.50,2
34.99,1315.06,1.00,304.46,14.54,100.00,0.96,1396.67,2
32.87,1369.90,1.00,357.20,13.57,100.00,0.09,1524.75,2
39.09,1615.91,1.00,342.65,13.68,94.88,0.83,1253.88,2
30.34,1164.04,1.00,375.41,8.59,98.67,4.36,1158.48,2
29.31,1509.56,1.00,331.60,12.70,100.00,1.23,1077.95,2
35.72,1488.19,1.00,340.57,15.42,100.00,8.36,1005.48,3
33.67,1389.69,1.00,344.32,13.63,100.00,3.67,976.21,2
35.08,1604.27,1.00,330.02,19.71,100.00,2.34,935.89,2
35.15,1508.03,1.00,308.44,13.33,98.50,0.57,1197.06,2
33.27,1297.94,1.00,309.49,13.67,100.00,1.91,1259.20,2
32.20,1266.77,1.00,330.95,16.26,91.30,0.32,1034.05,2
36.53,1355.26,1.00,367.17,10.70,100.00,0.99,1339.89,2
39.88,1309.89,1.00,353.16,10.18,100.00,1.31,1074.64,2
32.03,1422.15,1.00,362.55,17.92,100.00,2.26,1381.25,2
31.81,1499.34,1.00,323.82,15.84,100.00,2.46,1102.61,2
34.31,1577.30,1.00,295.46,11.32,95.70,0.19,920.02,2
35.68,1236.14,1.00,328.75,13.63,100.00,3.08,1038.50,2
33.21,1284.87,1.00,314.69,15.17,100.00,0.41,1431.49,2
29.06,1259.06,1.00,310.81,14.21,88.62,5.65,1225.54,2
32.37,1208.64,1.00,336.84,10.30,92.98,0.29,769.16,2
34.72,1354.59,1.00,252.22,11.42,100.00,0.35,1316.72,2
30.51,1436.22,1.00,343.15,15.58,99.40,0.61,1169.45,2
49.24,393.47,5.00,54.89,6.73,80.18,6.75,535.22,2
47.93,330.33,5.00,15.29,12.15,86.42,0.10,257.80,2
48.86,430.48,5.00,93.46,9.79,81.34,1.36,209.40,2
50.78,269.49,5.00,83.24,5.43,84.80,4.22,294.65,2
45.17,382.17,5.00,65.23,7.87,85.80,3.71,232.56,2
44.44,427.40,5.00,86.62,11.58,83.06,3.53,244.95,2
47.71,320.52,5.00,44.24,9.33,79.31,2.39,601.50,2
50.17,666.90,5.00,76.42,7.32,80.90,0.24,506.23,2
45.80,492.30,5.00,58.17,7.97,88.97,3.30,184.75,2
49.13,389.72,5.00,68.60,4.81,87.30,3.48,288.32,2
44.59,419.35,5.00,101.86,11.02,89.86,15.02,214.78,3
48.40,247.41,5.00,98.88,7.50,93.24,7.20,462.01,3
50.68,396.98,5.00,45.42,9.85,87.90,1.71,398.45,2
46.83,371.56,5.00,52.02,10.77,94.38,0.39,139.87,2
48.67,448.95,5.00,88.93,9.52,83.59,4.96,293.25,2
44.28,471.40,5.00,71.22,12.46,89.12,5.72,688.43,2
45.18,491.57,5.00,82.67,10.41,92.85,1.70,352.62,2
52.61,405.83,5.00,22.85,7.68,89.78,1.84,296.57,2
49.91,319.21,5.00,61.77,8.27,78.02,6.22,50.00,2
52.26,602.56,5.00,100.86,8.21,84.42,4.52,296.37,3
49.30,325.19,5.00,105.77,6.14,79.59,8.16,378.64,3
51.05,258.48,5.00,79.06,15.32,76.00,0.15,198.34,2
51.60,261.99,5.00,93.99,11.50,74.73,10.70,425.13,3
50.35,647.99,5.00,72.58,6.58,88.64,3.56,281.94,2
48.89,412.39,5.00,71.21,6.67,80.67,8.79,363.25,3
49.80,388.85,5.00,94.37,11.35,76.39,7.96,462.90,3
50.31,373.62,5.00,84.39,7.56,76.54,1.25,313.78,2
47.93,383.62,5.00,95.90,4.65,75.68,6.12,139.83,2
49.50,527.90,5.00,98.46,10.14,86.41,0.16,202.60,2
48.25,559.43,5.00,52.72,10.22,87.85,9.50,375.16,3
50.29,742.50,5.00,30.65,7.44,90.84,4.14,247.20,2
47.52,534.34,5.00,116.21,13.44,91.84,1.22,411.32,2
44.62,423.62,5.00,69.49,2.29,84.55,4.13,321.50,2
48.15,623.41,5.00,60.33,10.08,77.55,2.88,102.00,2
47.23,171.86,5.00,87.20,5.78,76.63,3.27,199.59,2
46.92,329.74,5.00,83.88,13.52,70.75,12.08,317.25,3
45.27,396.68,5.00,53.74,10.31,82.62,9.33,50.00,3
54.65,412.72,5.00,58.19,4.96,71.18,10.72,62.38,3
50.70,603.76,5.00,98.93,7.87,82.87,5.22,207.78,3
47.06,313.06,5.00,22.10,7.34,80.73,6.26,151.92,2
49.79,399.80,5.00,106.56,12.97,89.06,0.05,50.00,2
50.48,447.99,5.00,99.73,10.36,78.33,10.47,354.23,3
48.20,330.63,5.00,33.47,7.56,98.07,0.20,227.15,2
48.56,296.68,5.00,107.54,6.90,87.82,5.31,364.08,3
54.44,330.54,5.00,52.30,6.22,80.41,7.21,515.01,2
49.01,451.24,5.00,72.54,11.93,86.76,2.09,50.00,2
53.55,513.55,5.00,51.23,13.95,80.48,0.69,117.83,2
46.92,513.56,5.00,108.66,13.69,78.63,2.37,268.62,2
51.89,277.99,5.00,35.18,13.32,93.35,0.68,230.69,2
46.34,418.27,5.00,89.56,9.52,79.38,0.14,283.56,2
44.16,376.58,5.00,30.81,8.44,81.44,9.87,334.35,2
52.11,464.36,5.00,73.22,10.84,72.57,3.51,130.98,2
48.64,278.36,5.00,115.22,10.25,80.69,1.62,484.16,2
45.24,345.50,5.00,71.70,8.08,70.12,3.91,412.19,2
47.40,287.02,5.00,70.77,16.50,83.75,3.79,434.92,2
43.70,479.60,5.00,64.27,9.18,97.87,1.16,74.55,2
48.93,632.29,5.00,66.86,10.34,78.01,9.43,430.98,3
49.32,416.49,5.00,104.05,9.35,71.36,1.51,489.29,2
50.24,332.97,5.00,81.91,2.24,98.30,9.03,259.54,3
47.81,454.27,5.00,88.93,11.44,85.33,1.01,313.44,2
52.08,395.47,5.00,72.52,12.51,96.00,11.74,328.84,3
47.93,373.38,5.00,104.00,12.34,77.36,1.60,361.06,2
52.01,356.21,5.00,53.54,7.45,78.79,0.06,428.49,2
50.54,481.94,5.00,59.86,10.80,86.80,4.84,413.14,2
50.05,473.96,5.00,56.72,10.14,77.08,2.36,296.40,2
45.64,402.66,5.00,56.09,8.58,70.64,0.36,331.99,2
53.09,420.37,5.00,71.42,9.75,81.03,1.57,193.56,2
45.31,307.21,5.00,96.64,8.92,80.41,1.15,50.00,2
48.28,422.78,5.00,34.58,13.11,76.87,9.88,350.26,3
37.43,442.06,5.00,120.91,13.22,83.26,1.25,226.25,2
50.95,487.13,5.00,81.81,13.61,75.07,6.72,309.79,3
47.91,207.71,5.00,58.53,8.27,78.86,6.21,322.85,2
45.81,421.85,5.00,99.78,6.40,76.85,0.48,468.84,2
43.29,321.69,5.00,63.99,12.12,83.58,2.56,329.04,2
47.21,510.73,5.00,74.26,15.45,91.41,5.48,100.79,3
44.38,1298.34,5.00,57.82,7.09,82.99,3.04,552.59,2
39.47,1166.77,5.00,65.80,6.13,69.70,1.22,602.53,2
39.07,1003.51,5.00,42.90,6.06,83.98,3.45,817.87,2
39.61,1207.90,5.00,46.34,12.81,85.06,2.27,654.77,2
35.56,1248.15,5.00,65.01,3.79,81.48,2.07,768.82,2
46.42,1058.63,5.00,60.41,6.06,81.43,0.12,388.12,2
41.14,1029.74,5.00,74.12,4.96,85.33,1.36,450.85,2
43.73,860.81,5.00,53.67,6.55,89.93,1.46,593.75,2
36.87,1283.72,5.00,73.48,8.65,89.33,0.27,602.94,2
40.17,1173.07,5.00,80.12,4.27,73.73,0.93,638.34,2
41.58,1156.11,5.00,59.93,7.23,85.36,1.02,823.48,2
39.61,1128.45,5.00,37.02,4.11,96.73,1.28,583.87,2
41.07,1177.68,5.00,24.10,4.65,84.45,1.95,552.34,2
42.38,1319.56,5.00,63.74,5.39,78.91,2.24,836.72,2
38.16,999.09,5.00,49.75,7.90,92.62,2.46,588.61,2
37.19,1131.30,5.00,56.55,8.25,86.72,2.28,356.05,2
40.33,1107.11,5.00,51.09,10.62,73.43,0.09,830.02,2
40.30,1002.14,5.00,66.80,7.61,86.99,0.60,649.78,2
48.09,986.42,5.00,60.34,4.51,89.26,2.83,602.87,2
40.70,1000.80,5.00,31.56,8.99,95.05,0.36,776.29,2
46.19,1192.67,5.00,47.77,6.50,79.20,0.78,690.68,2
42.64,1235.69,5.00,51.75,3.88,86.58,2.17,527.01,2
39.75,1072.29,5.00,74.20,5.96,82.80,1.00,798.20,2
41.87,1168.05,5.00,58.11,8.26,93.85,0.58,511.16,2
34.10,1257.11,5.00,25.32,8.69,86.79,0.50,456.91,1
41.75,1127.27,5.00,17.09,12.45,90.00,2.84,995.13,2
37.85,990.36,5.00,50.87,9.26,85.93,1.38,826.67,2
42.43,990.94,5.00,41.83,3.42,84.50,0.15,666.58,1
31.89,1173.87,5.00,66.52,7.71,94.11,2.95,439.34,2
37.67,1200.72,5.00,58.34,9.66,83.26,0.08,350.01,2
42.22,1091.53,5.00,38.71,6.60,80.18,0.52,437.13,2
45.26,1248.47,5.00,49.31,9.90,80.33,2.49,420.26,2
39.37,1205.45,5.00,75.18,5.75,83.11,1.79,813.36,2
38.91,1177.43,5.00,100.65,7.65,89.58,1.75,514.59,2
43.28,969.63,5.00,81.90,3.51,84.40,1.44,637.53,2
32.92,1168.85,5.00,82.65,9.49,91.60,2.37,588.87,2
43.33,1200.59,5.00,76.57,4.65,83.35,0.82,434.98,2
44.70,1262.51,5.00,71.44,6.76,72.35,0.36,588.77,2
43.43,1251.89,5.00,48.25,6.29,77.59,2.44,546.45,2
41.68,1308.36,5.00,101.08,6.62,85.27,3.22,640.35,2
33.46,1281.66,5.00,43.63,3.91,90.86,2.23,541.20,1
38.73,1242.65,5.00,83.39,12.30,87.12,0.68,504.04,2
37.40,987.68,5.00,17.54,9.84,82.92,0.14,830.06,1
38.54,1261.84,5.00,100.93,4.53,84.11,0.94,575.50,2
41.56,1210.21,5.00,83.53,10.85,84.54,2.78,401.09,2
39.97,1086.64,5.00,42.92,1.49,78.73,7.06,611.62,2
40.19,1039.09,5.00,77.85,9.61,75.62,1.01,460.57,2
38.10,1070.47,5.00,11.91,6.12,92.39,6.92,407.11,2
38.47,1171.22,5.00,41.93,5.69,96.74,2.09,801.07,2
45.16,1271.64,5.00,16.23,9.28,90.63,4.02,369.52,2
42.93,1190.87,5.00,65.37,2.52,92.98,1.05,775.44,2
41.15,1119.30,5.00,47.42,1.63,86.04,3.66,674.62,2
42.98,1027.64,5.00,55.01,5.98,88.05,4.92,544.57,2
35.38,1097.32,5.00,97.54,5.02,86.79,1.90,586.99,2
36.48,1232.76,5.00,43.03,7.29,88.47,2.68,564.84,2
38.55,1045.54,5.00,98.23,5.60,96.39,0.17,749.56,2
42.75,1206.64,5.00,57.50,8.73,89.59,2.72,414.35,2
41.54,1355.43,5.00,50.97,4.64,87.62,1.55,714.97,2
38.25,984.27,5.00,63.20,8.66,85.31,1.99,817.99,2
43.91,1027.92,5.00,15.22,0.50,89.93,0.13,627.64,1
39.08,1253.15,5.00,45.92,6.36,86.85,0.12,312.05,2
43.78,1148.02,5.00,61.90,5.37,97.20,0.60,447.26,2
40.02,1116.43,5.00,75.36,7.52,90.12,0.23,745.23,2
37.47,1015.95,5.00,58.09,1.52,73.83,0.87,679.92,1
42.69,1215.67,5.00,69.32,5.74,85.95,0.88,649.18,2
43.48,1151.08,5.00,82.22,0.50,78.30,3.92,602.15,2
44.23,1207.92,5.00,66.10,8.32,99.04,0.35,430.37,2
37.54,1214.17,5.00,29.67,8.73,87.37,0.35,861.70,1
38.52,998.98,5.00,50.17,5.57,100.00,0.56,664.94,2
40.49,1078.85,5.00,37.18,4.40,87.38,1.63,666.76,2
35.45,924.41,5.00,102.37,7.67,81.49,1.39,680.19,2
44.55,1121.05,5.00,69.32,13.16,88.21,0.25,462.47,2
37.87,1101.03,5.00,30.70,8.45,91.85,0.46,564.81,1
31.60,1181.15,5.00,54.46,4.21,98.87,2.33,743.77,1
41.98,1361.03,5.00,64.90,7.67,86.38,0.81,783.54,2
51.16,1951.62,5.00,116.44,10.41,87.66,0.35,403.51,2
56.33,1725.12,5.00,107.03,11.47,93.29,15.50,50.00,3
52.67,1712.83,5.00,103.25,9.31,86.43,26.42,451.93,3
45.43,1854.37,5.00,92.22,7.73,84.45,2.08,222.32,2
58.17,1746.06,5.00,140.33,14.20,86.95,0.02,566.52,3
54.10,1860.20,5.00,89.75,11.55,90.94,6.85,468.37,3
54.63,1854.89,5.00,79.49,11.47,94.65,6.10,478.93,3
50.45,1722.46,5.00,115.51,12.69,89.38,4.09,296.70,3
54.74,1817.27,5.00,154.72,14.63,87.65,5.67,67.43,3
49.03,1701.75,5.00,80.86,8.95,85.98,10.73,50.00,3
47.20,1783.73,5.00,113.66,9.86,95.14,4.85,186.86,3
49.70,1882.54,5.00,80.80,13.97,89.23,1.77,332.99,2
49.14,1706.85,5.00,82.77,13.40,79.04,4.88,342.68,3
53.93,1855.08,5.00,90.68,13.05,89.76,2.07,169.17,3
50.39,1772.03,5.00,99.78,12.77,84.97,4.95,260.04,3
54.38,1743.75,5.00,99.86,13.50,90.21,1.29,297.42,3
49.52,1795.04,5.00,137.13,8.87,90.41,27.20,297.36,3
48.44,1750.71,5.00,107.12,10.90,90.20,1.69,464.71,2
47.80,1863.03,5.00,141.47,13.19,94.63,4.41,553.01,3
52.87,1905.41,5.00,111.72,11.37,86.09,5.53,484.51,3
47.26,1713.62,5.00,125.69,11.78,86.96,3.38,334.07,3
54.19,1886.23,5.00,93.29,11.67,99.92,5.09,174.14,3
53.95,1760.76,5.00,108.13,7.47,94.88,4.71,411.65,3
49.40,1721.76,5.00,138.87,16.36,91.58,2.73,118.03,3
55.33,1836.84,5.00,121.18,15.29,93.28,7.31,324.96,3
52.15,1846.98,5.00,44.86,10.41,89.65,1.46,77.35,2
52.53,1871.83,5.00,64.62,14.64,83.36,4.20,227.65,3
48.04,1854.73,5.00,123.84,8.89,93.57,26.51,155.26,3
53.01,1788.97,5.00,137.91,10.94,87.11,0.31,177.31,3
51.28,1690.41,5.00,103.68,6.65,85.25,0.82,207.27,2
46.04,1724.46,5.00,92.78,14.46,82.11,0.63,135.82,2
49.31,1624.47,5.00,96.70,11.84,91.77,0.72,166.39,2
55.08,1734.37,5.00,60.15,10.85,96.31,0.66,292.33,2
52.64,2103.16,5.00,116.85,8.29,87.63,0.39,50.00,2
45.40,1732.74,5.00,78.45,4.33,91.45,4.95,496.17,2
53.69,1824.25,5.00,117.94,5.52,86.53,0.98,376.77,2
57.96,1771.03,5.00,24.98,6.89,85.65,8.84,405.37,3
46.04,1669.06,5.00,147.17,10.48,86.74,13.61,205.02,3
52.92,1629.39,5.00,99.32,19.35,80.80,3.62,349.11,3
57.17,1639.87,5.00,113.52,8.01,84.67,1.11,124.41,3
53.55,1728.35,5.00,117.61,10.73,88.60,0.69,316.76,2
56.26,1718.42,5.00,90.15,10.61,95.28,7.15,279.12,3
53.82,1662.66,5.00,91.04,9.27,86.04,1.37,330.84,2
53.87,1927.48,5.00,92.17,12.68,75.68,0.44,162.31,2
54.90,1776.72,5.00,91.70,9.10,87.78,2.83,383.50,2
49.88,1834.92,5.00,39.41,9.80,85.04,7.91,458.25,2
49.90,1646.80,5.00,168.35,11.96,88.33,3.13,383.01,3
44.71,1986.96,5.00,100.91,12.16,87.93,1.22,186.36,2
52.87,1672.78,5.00,87.74,9.66,95.53,2.24,176.93,2
50.13,1823.01,5.00,89.83,13.57,92.31,11.91,527.29,3
49.76,1760.05,5.00,146.45,11.71,83.98,0.14,69.30,3
52.32,1810.27,5.00,105.19,11.94,97.67,1.72,397.82,3
53.16,1844.01,5.00,84.03,8.36,94.15,4.39,405.76,3
49.89,1752.45,5.00,67.11,10.12,94.18,12.33,180.03,3
50.36,1641.44,5.00,80.71,12.20,87.87,3.13,322.73,2
51.35,1584.34,5.00,138.25,13.63,91.00,10.56,478.15,3
53.98,1863.88,5.00,123.99,7.95,77.96,9.72,50.00,3
55.97,1647.24,5.00,87.49,9.47,85.03,2.53,91.52,3
52.80,1985.52,5.00,106.53,5.75,92.88,2.56,50.00,2
55.19,1792.69,5.00,139.69,8.76,91.46,7.74,279.97,3
58.68,1877.19,5.00,102.68,13.88,91.00,0.50,325.96,3
48.04,2069.40,5.00,146.01,13.11,88.63,3.42,218.17,3
45.89,1849.87,5.00,106.45,12.65,85.62,0.24,228.09,2
50.55,2006.52,5.00,122.01,7.29,91.12,2.00,50.00,2
53.50,1832.01,5.00,53.99,10.31,95.12,1.79,172.21,2
46.68,1440.14,5.00,96.82,12.96,95.40,7.81,180.53,3
49.23,1511.64,5.00,118.37,10.74,90.22,0.15,543.58,2
43.29,1701.01,5.00,119.44,8.35,88.55,5.64,317.03,3
51.53,1695.21,5.00,114.77,8.58,89.28,0.36,323.11,2
54.50,1534.01,5.00,137.08,10.29,90.75,2.10,429.59,3
50.37,1745.34,5.00,81.37,5.94,95.14,0.33,442.99,2
47.79,1732.52,5.00,116.04,10.30,87.64,0.83,170.60,2
52.54,1902.18,5.00,108.46,6.57,90.32,12.25,211.61,3
52.79,1863.13,5.00,76.37,16.41,89.41,5.09,494.78,3
57.69,1719.69,5.00,100.64,12.12,89.11,8.38,438.22,3
29.62,515.94,4.00,192.95,28.83,89.56,3.25,902.85,3
38.86,438.25,4.00,191.96,27.64,98.95,1.91,616.18,3
40.15,720.03,4.00,194.36,29.64,85.66,20.88,848.33,3
36.76,609.63,4.00,229.66,31.16,92.56,1.13,547.22,3
38.08,425.62,4.00,168.56,27.05,88.09,6.37,538.58,3
33.56,623.03,4.00,169.28,28.93,87.66,9.13,643.91,3
36.01,738.76,4.00,149.87,31.85,90.34,0.05,658.28,2
34.13,770.55,4.00,200.02,26.39,91.97,3.54,708.84,3
39.83,527.46,4.00,209.44,27.10,94.98,0.23,400.92,3
40.74,617.72,4.00,182.83,29.87,93.71,11.99,637.69,3
36.11,542.40,4.00,218.65,26.79,72.46,1.83,663.78,3
38.86,365.57,4.00,203.90,24.34,93.55,0.75,827.15,3
34.89,566.65,4.00,168.74,22.64,87.56,0.16,743.71,2
41.99,546.86,4.00,210.73,24.49,93.04,10.17,671.16,3
32.99,559.71,4.00,160.93,26.40,95.75,5.03,797.34,3
35.19,791.88,4.00,209.64,25.81,98.31,1.42,548.75,3
39.63,869.55,4.00,187.36,30.04,100.00,2.38,627.35,3
30.07,555.86,4.00,226.22,28.53,95.47,3.66,801.42,3
33.17,568.76,4.00,178.28,30.39,95.30,1.76,787.68,3
39.66,852.61,4.00,238.18,30.65,79.58,1.45,994.15,3
33.93,736.58,4.00,171.35,30.17,98.12,1.11,824.28,3
40.26,689.05,4.00,190.45,21.56,88.65,2.82,800.02,3
32.75,879.37,4.00,165.59,28.47,95.94,15.12,531.76,3
42.18,884.14,4.00,178.27,27.90,91.08,1.88,600.33,3
35.90,742.63,4.00,208.63,25.70,91.27,5.39,441.31,3
36.89,668.29,4.00,227.16,31.38,89.21,0.01,757.89,3
33.42,564.53,4.00,227.27,32.21,88.47,5.87,726.90,3
40.58,500.53,4.00,148.35,30.03,85.34,2.31,763.07,3
39.58,736.54,4.00,174.69,31.97,96.92,14.23,740.14,3
38.63,981.92,4.00,200.08,25.37,98.41,2.21,481.68,3
35.34,624.60,4.00,181.91,27.04,98.41,9.31,346.83,3
34.53,771.76,4.00,177.16,23.00,97.14,1.70,891.28,3
37.68,537.45,4.00,203.02,24.82,96.50,6.30,879.21,3
36.50,780.00,4.00,216.23,32.22,87.14,4.32,459.28,3
35.23,699.97,4.00,196.25,24.95,96.63,0.40,1068.01,3
40.63,923.41,4.00,214.03,24.09,100.00,1.31,717.08,3
39.70,464.51,4.00,237.35,29.62,98.30,2.82,518.68,3
38.60,539.57,4.00,146.96,30.33,87.65,6.55,696.67,3
32.91,797.60,4.00,173.48,32.79,88.19,2.39,958.59,3
37.26,532.54,4.00,195.40,28.91,88.81,3.17,645.85,3
38.10,532.43,4.00,168.77,22.84,79.14,4.85,516.68,3
43.47,556.48,4.00,201.91,29.43,100.00,3.92,638.66,3
30.61,527.12,4.00,190.60,25.01,92.94,1.05,610.76,2
36.78,568.27,4.00,222.50,28.66,78.82,7.31,857.96,3
33.64,659.38,4.00,219.14,28.32,80.44,0.70,599.58,3
35.72,512.08,4.00,178.69,28.42,97.11,0.38,767.57,3
44.45,601.47,4.00,209.89,29.61,91.07,0.60,705.17,3
38.46,552.38,4.00,195.07,26.42,100.00,12.37,799.76,3
35.72,895.62,4.00,180.73,26.69,100.00,2.16,595.19,3
36.96,579.25,4.00,191.74,30.32,88.14,0.22,502.59,3
37.99,700.18,4.00,153.20,31.09,91.42,7.87,927.68,3
40.84,718.84,4.00,159.56,33.14,90.21,4.18,806.52,3
38.51,496.84,4.00,165.39,28.78,90.77,6.49,627.88,3
31.09,665.87,4.00,182.79,28.60,82.60,0.92,688.47,2
34.83,499.38,4.00,194.41,26.22,72.32,2.17,1027.95,3
35.81,672.69,4.00,179.41,27.93,90.66,3.76,609.82,3
37.05,772.82,4.00,201.98,23.89,87.43,13.13,739.79,3
34.79,748.52,4.00,156.66,28.26,91.81,0.69,739.65,2
39.92,397.32,4.00,226.44,32.06,88.09,2.42,329.53,3
36.89,710.89,4.00,174.70,31.30,81.54,0.46,635.08,3
38.24,585.76,4.00,210.39,33.71,94.79,0.34,712.79,3
33.36,492.54,4.00,210.17,26.86,86.92,2.29,809.35,3
37.63,642.68,4.00,210.11,26.30,97.22,2.45,588.48,3
40.70,683.95,4.00,206.09,28.75,90.86,0.68,665.06,3
40.98,383.98,4.00,210.17,20.42,84.11,0.64,964.37,3
41.29,509.75,4.00,131.92,26.34,96.76,3.86,460.12,3
36.14,501.31,4.00,250.00,32.68,93.97,0.11,598.14,3
40.72,575.11,4.00,157.07,29.20,93.59,7.16,986.80,3
38.90,825.98,4.00,169.81,27.79,86.71,4.12,484.82,3
30.03,664.35,4.00,197.56,27.22,95.86,0.11,583.77,3
38.74,664.77,4.00,194.77,24.00,91.30,3.60,606.49,3
38.53,348.70,4.00,196.65,28.05,95.52,4.09,747.72,3
35.46,807.44,4.00,205.62,28.48,82.28,1.41,763.04,3
34.30,560.09,4.00,210.66,22.40,80.56,4.30,999.41,3
36.75,494.78,4.00,180.21,25.15,97.34,0.06,660.57,3
32.68,951.91,4.00,14.82,7.70,100.00,2.27,1013.11,1
24.59,930.86,4.00,25.90,4.02,95.06,0.30,792.13,1
28.00,948.07,4.00,5.00,6.98,100.00,0.75,1017.87,1
23.28,760.17,4.00,18.35,5.03,98.93,3.05,959.37,1
30.66,936.53,4.00,15.12,5.95,100.00,2.61,776.78,1
23.19,852.18,4.00,5.00,4.84,100.00,2.73,757.82,1
26.25,639.83,4.00,5.00,2.79,100.00,0.92,911.36,1
29.48,842.02,4.00,9.02,5.81,99.26,0.83,968.67,1
27.92,722.56,4.00,10.20,3.34,100.00,4.17,811.96,1
30.74,758.26,4.00,27.70,6.35,100.00,5.80,776.15,2
24.03,957.57,4.00,73.02,4.73,93.72,0.75,904.37,1
29.31,847.49,4.00,47.32,0.93,100.00,5.83,988.56,2
30.86,758.85,4.00,27.55,2.53,100.00,0.58,1072.68,1
27.77,818.74,4.00,19.33,4.25,100.00,0.97,887.44,1
29.19,769.90,4.00,5.00,5.33,100.00,1.85,1170.98,1
32.46,791.79,4.00,30.83,7.22,100.00,0.90,1058.61,1
29.26,882.99,4.00,11.98,1.92,100.00,2.00,928.09,1
24.79,709.57,4.00,13.99,5.62,96.85,0.30,1102.83,1
28.08,778.30,4.00,15.98,5.36,91.79,1.47,712.01,1
31.54,791.02,4.00,98.58,11.62,98.91,2.18,884.05,2
22.56,1019.50,4.00,52.48,3.55,100.00,2.09,827.28,1
23.80,532.06,4.00,38.95,2.22,87.89,1.81,921.76,1
27.99,812.53,4.00,11.79,6.56,91.55,0.00,838.70,1
25.50,872.55,4.00,25.54,5.20,94.03,1.44,872.77,1
23.68,631.24,4.00,53.89,7.12,99.36,3.24,831.93,1
25.58,573.73,4.00,20.09,10.83,100.00,1.32,896.66,1
28.87,614.93,4.00,24.71,3.01,91.47,3.42,822.43,1
31.51,750.29,4.00,5.00,2.42,89.37,1.08,970.73,1
31.22,773.84,4.00,17.10,7.45,95.67,6.13,853.20,2
27.47,770.80,4.00,5.00,1.18,100.00,0.26,817.42,1
24.88,848.36,4.00,29.63,3.30,95.17,6.22,912.76,2
30.05,760.51,4.00,23.93,3.98,100.00,2.93,851.16,1
25.76,703.09,4.00,5.00,0.50,100.00,0.35,565.01,1
24.88,871.63,4.00,18.37,0.50,100.00,2.07,1021.62,1
28.57,666.53,4.00,11.98,2.47,96.98,0.64,885.81,1
26.66,795.15,4.00,7.56,1.15,97.60,7.95,940.39,2
32.60,742.14,4.00,47.43,0.50,97.72,5.56,850.35,2
32.14,867.71,4.00,12.44,3.12,100.00,0.88,686.55,1
29.04,679.88,4.00,6.42,8.25,98.33,0.54,849.42,1
31.43,645.39,4.00,57.72,7.18,100.00,0.46,830.56,1
32.94,792.59,4.00,9.30,7.10,93.34,0.11,1072.06,1
23.11,880.96,4.00,5.00,4.11,97.29,0.19,781.60,1
24.29,804.54,4.00,29.32,4.06,100.00,1.58,778.93,1
28.49,929.53,4.00,5.00,5.17,93.42,2.85,678.46,1
29.33,793.69,4.00,32.95,9.23,98.56,0.51,649.52,1
29.06,831.06,4.00,5.00,2.03,99.62,1.34,980.44,1
30.44,779.65,4.00,55.33,5.89,96.75,1.14,1060.03,1
26.62,930.20,4.00,52.34,6.83,100.00,1.01,956.95,1
27.56,741.72,4.00,5.00,10.52,95.55,2.01,1093.75,1
30.05,721.59,4.00,5.00,5.36,100.00,1.32,773.26,1
24.91,499.39,4.00,18.99,7.55,93.92,1.18,1027.19,1
27.08,769.63,4.00,41.51,6.09,92.92,2.60,925.84,1
33.32,889.01,4.00,5.00,7.29,96.57,4.55,929.48,2
26.78,717.29,4.00,26.98,8.39,96.42,3.86,541.45,1
30.99,765.67,4.00,19.92,4.27,98.03,1.13,953.90,1
29.80,709.89,4.00,72.10,6.41,96.52,0.08,808.29,1
30.21,584.79,4.00,27.76,7.34,100.00,2.54,887.41,1
28.17,902.26,4.00,5.00,5.79,100.00,1.66,616.55,1
23.97,851.60,4.00,53.95,0.50,100.00,1.79,918.61,1
29.99,684.04,4.00,51.56,9.62,100.00,0.81,731.48,1
23.06,820.82,4.00,5.00,6.22,99.24,2.15,776.10,1
22.09,753.45,4.00,5.00,6.95,87.61,2.67,904.27,1
27.90,744.47,4.00,32.42,4.00,100.00,2.70,859.46,1
24.98,806.26,4.00,17.95,6.12,91.80,1.32,988.89,1
25.34,794.79,4.00,5.00,2.87,100.00,0.13,904.32,1
24.55,833.84,4.00,15.52,2.96,97.11,1.10,1004.43,1
27.79,743.75,4.00,59.61,10.23,92.59,0.23,731.68,1
25.27,778.82,4.00,57.46,7.11,100.00,1.22,687.57,1
33.67,796.43,4.00,5.00,1.24,100.00,1.89,895.44,1
22.34,845.96,4.00,40.81,3.45,100.00,0.21,1322.20,1
32.80,614.05,4.00,23.38,3.08,100.00,0.27,1006.47,1
33.12,863.84,4.00,41.55,3.99,100.00,1.95,941.89,1
26.61,717.90,4.00,36.59,8.08,94.51,2.82,813.61,1
22.62,792.61,4.00,6.35,5.04,97.82,0.32,598.88,1
26.98,766.60,4.00,7.32,9.11,97.82,0.07,907.45,1
49.59,100.00,1.00,63.69,4.64,100.00,0.07,2341.90,1
45.58,170.09,1.00,56.17,3.88,94.53,0.60,2217.19,1
47.08,100.00,1.00,38.90,4.62,91.00,0.18,2283.17,1
49.24,100.00,1.00,68.57,3.84,95.94,0.71,2235.85,1
50.46,100.00,1.00,82.94,3.28,98.54,0.09,2116.50,1
40.95,100.00,1.00,45.19,2.49,100.00,0.27,2550.00,1
42.43,318.74,1.00,36.12,4.41,100.00,0.02,2590.78,1
45.54,114.92,1.00,43.86,0.50,100.00,0.44,2472.52,1
46.33,157.40,1.00,5.00,0.50,100.00,0.60,2385.78,0
42.32,115.86,1.00,5.00,8.36,98.50,0.88,2447.82,1
42.73,130.10,1.00,42.52,5.84,98.39,0.98,2124.55,1
41.67,100.00,1.00,32.38,2.24,99.08,0.13,2626.24,0
43.31,100.00,1.00,37.82,5.87,99.94,0.10,2446.05,1
44.65,237.08,1.00,17.90,7.35,99.41,0.47,2233.81,1
43.54,112.43,1.00,52.09,5.19,100.00,0.32,2036.04,1
48.13,100.00,1.00,34.55,6.60,100.00,1.64,2427.38,1
34.47,188.54,1.00,48.29,1.13,94.09,0.26,2254.54,0
42.22,137.92,1.00,37.07,0.88,89.77,0.19,2411.09,0
44.10,100.00,1.00,62.15,0.50,100.00,0.01,2483.75,1
43.81,100.00,1.00,69.50,7.11,100.00,0.26,2742.07,1
44.98,261.42,1.00,7.86,5.96,100.00,0.36,2462.96,1
49.50,100.00,1.00,32.29,1.01,94.89,0.76,2113.47,1
50.09,110.61,1.00,5.00,7.08,96.46,0.13,2504.80,1
38.99,123.88,1.00,5.00,6.17,100.00,1.00,2470.72,0
45.73,100.00,1.00,48.05,7.51,94.98,0.05,2613.67,1
37.09,100.00,1.00,32.68,6.04,95.50,1.13,2213.06,1
44.79,179.23,1.00,49.47,0.50,93.27,0.67,2539.41,1
39.49,100.00,1.00,39.77,0.50,93.96,0.19,2312.05,0
44.76,163.68,1.00,94.53,0.50,100.00,0.47,2545.97,1
45.92,100.00,1.00,45.83,2.43,95.05,0.92,2502.49,1
39.81,100.00,1.00,72.37,0.50,93.67,0.17,2418.94,1
42.39,100.00,1.00,83.44,2.24,96.49,0.25,2213.95,1
42.79,207.83,1.00,37.28,3.01,100.00,0.75,2138.14,1
45.36,132.68,1.00,77.07,1.26,97.62,0.60,2374.66,1
44.93,107.13,1.00,72.71,1.17,95.42,0.83,2555.45,1
43.37,100.00,1.00,65.50,7.69,100.00,1.23,2640.61,1
46.66,100.00,1.00,5.00,5.91,87.62,0.43,2352.40,1
45.60,234.64,1.00,50.31,11.23,88.20,0.10,2387.57,1
37.87,125.70,1.00,35.97,0.50,100.00,0.06,2507.38,0
47.27,189.81,1.00,31.95,5.25,100.00,0.43,2466.83,1
42.91,371.75,1.00,29.06,4.50,95.97,0.29,2433.49,1
46.39,100.00,1.00,52.29,2.08,97.00,0.06,2465.78,1
36.70,365.05,1.00,49.58,2.07,100.00,0.49,2426.43,0
43.58,100.00,1.00,56.60,3.95,100.00,0.62,2455.47,1
46.14,100.00,1.00,63.19,0.50,94.60,1.33,2255.37,1
47.67,181.36,1.00,75.46,8.36,100.00,2.02,2269.23,1
44.56,221.63,1.00,39.32,3.25,100.00,0.31,2531.43,1
44.63,100.00,1.00,61.62,4.23,91.66,0.37,2556.14,1
43.77,100.00,1.00,76.44,1.14,100.00,0.16,2541.88,1
42.33,100.00,1.00,34.15,4.73,100.00,1.11,2439.69,1
38.77,100.00,1.00,47.87,2.72,96.68,0.27,2504.38,1
46.09,100.00,1.00,36.89,7.94,100.00,0.05,2096.45,1
46.68,299.61,1.00,29.83,2.91,100.00,0.01,2444.49,1
45.34,100.00,1.00,28.74,7.38,100.00,0.16,2143.70,1
49.16,341.92,1.00,63.28,7.89,96.52,0.07,2226.54,1
46.34,100.00,1.00,13.54,5.80,100.00,0.76,2586.49,1
47.96,181.69,1.00,30.67,6.67,91.63,1.58,2558.08,1
45.28,100.00,1.00,55.21,1.95,96.80,0.34,2301.92,1
46.47,100.00,1.00,64.23,4.40,100.00,0.13,2256.36,1
46.65,100.00,1.00,78.87,6.02,96.95,0.26,2121.09,1
41.64,100.00,1.00,5.00,5.64,98.72,1.13,2456.91,1
46.03,100.00,1.00,40.97,5.87,100.00,0.18,2457.05,1
42.94,100.00,1.00,37.75,1.66,97.50,0.07,2451.61,1
41.00,185.00,1.00,75.87,0.62,100.00,0.57,2462.28,1
40.14,211.66,1.00,40.87,2.75,100.00,0.89,2541.78,1
48.82,263.99,1.00,14.93,6.78,98.91,0.76,2420.73,1
44.23,211.95,1.00,16.20,10.24,89.07,0.72,2310.35,1
45.46,106.23,1.00,20.04,6.95,99.24,1.22,2364.34,1
49.88,220.72,1.00,64.02,1.50,99.52,0.49,2354.93,1
45.97,100.00,1.00,59.68,0.75,100.00,0.06,2158.82,1
47.77,100.00,1.00,63.51,0.71,100.00,0.07,2402.12,1
43.23,100.00,1.00,35.08,2.90,97.31,0.05,2574.80,1
40.88,338.47,1.00,28.04,6.89,100.00,1.32,2252.32,1
49.30,118.60,1.00,86.60,3.02,95.38,0.22,2482.10,1
42.85,143.55,1.00,55.84,0.50,99.95,0.85,2423.71,1
43.81,1082.19,5.00,104.36,14.09,100.00,4.47,128.45,3
35.18,1089.56,5.00,72.57,14.87,100.00,1.74,224.17,2
34.61,1122.69,5.00,74.56,16.51,96.62,0.04,412.29,2
39.20,1082.84,5.00,109.85,4.89,99.90,5.70,334.13,2
44.84,1070.62,5.00,97.99,11.68,91.86,1.22,412.19,2
42.84,1171.04,5.00,42.58,11.78,100.00,2.67,475.66,2
33.94,1112.90,5.00,44.58,17.34,99.96,2.99,376.73,2
41.85,1135.43,5.00,75.56,17.57,100.00,3.05,592.45,2
38.44,955.08,5.00,88.25,12.88,100.00,3.43,329.96,2
41.46,1378.59,5.00,73.32,10.58,100.00,2.66,229.66,2
36.58,1202.51,5.00,73.11,9.92,100.00,2.44,410.10,2
36.00,1124.27,5.00,97.51,8.51,100.00,1.27,191.73,2
42.26,1207.83,5.00,107.01,18.09,92.96,19.91,231.70,3
44.15,1036.06,5.00,55.27,15.40,95.22,2.38,207.49,2
34.55,970.32,5.00,73.85,14.21,100.00,4.31,273.72,2
39.44,1063.70,5.00,56.38,9.06,100.00,2.30,436.70,2
38.57,1190.59,5.00,78.89,18.07,100.00,1.01,432.15,2
40.43,1162.84,5.00,83.23,13.29,100.00,4.66,527.64,2
39.13,1087.18,5.00,86.17,14.95,87.80,3.11,666.85,2
39.74,1061.38,5.00,121.02,13.46,92.87,4.70,342.52,3
39.47,1105.78,5.00,54.10,14.47,100.00,0.34,433.46,2
34.22,1204.18,5.00,94.17,14.89,100.00,2.73,412.22,2
37.06,1165.86,5.00,131.17,19.48,99.01,8.64,226.02,3
38.17,1071.17,5.00,67.83,14.28,91.02,7.00,542.14,2
41.31,968.23,5.00,100.73,10.50,100.00,0.61,503.48,2
34.86,1089.67,5.00,106.94,15.79,100.00,7.58,203.78,3
39.08,1208.50,5.00,82.46,15.31,100.00,3.06,300.84,2
35.17,738.80,5.00,88.18,14.27,89.86,3.05,203.23,2
33.73,1170.24,5.00,79.53,17.76,95.60,1.23,303.57,2
38.60,1151.71,5.00,77.45,9.61,100.00,3.61,57.59,2
36.37,874.73,5.00,78.72,14.53,94.84,2.75,228.35,2
36.41,1198.28,5.00,116.88,12.14,100.00,1.03,62.89,2
37.76,1169.78,5.00,72.66,16.00,94.36,10.64,523.63,3
38.45,1097.94,5.00,60.06,13.36,99.62,11.55,386.19,3
33.02,1159.90,5.00,106.36,17.25,97.73,0.54,371.80,2
41.06,1194.37,5.00,33.42,13.68,97.19,2.12,236.19,2
39.87,1312.16,5.00,76.24,10.75,100.00,7.28,438.37,2
31.38,1056.46,5.00,67.15,14.84,84.25,4.41,732.35,2
39.39,1194.01,5.00,65.29,13.57,95.94,8.14,412.33,2
37.33,1020.87,5.00,64.02,9.35,99.54,2.35,97.30,2
37.13,1138.11,5.00,82.32,17.17,100.00,0.84,520.63,2
36.87,998.26,5.00,47.70,14.70,95.91,0.66,495.17,2
40.56,1024.13,5.00,111.35,15.23,100.00,0.76,408.64,2
41.21,1063.10,5.00,61.91,18.23,100.00,0.43,445.40,2
35.45,917.53,5.00,81.07,11.43,98.48,1.94,204.99,2
41.35,1192.45,5.00,71.40,10.35,93.84,7.21,294.01,2
35.84,1192.40,5.00,60.90,12.58,94.62,19.19,395.52,3
37.19,1279.03,5.00,101.88,13.87,92.37,2.14,381.71,2
40.47,1240.20,5.00,103.46,14.50,100.00,6.07,215.15,3
41.06,1289.70,5.00,92.38,11.90,97.31,2.80,385.78,2
37.24,999.13,5.00,79.92,12.66,100.00,4.90,484.20,2
37.39,1185.21,5.00,81.28,17.09,100.00,1.94,139.99,2
46.72,1263.92,5.00,49.72,15.76,100.00,0.98,289.48,2
39.84,1270.38,5.00,100.95,16.31,100.00,9.10,141.61,3
40.68,1111.63,5.00,52.84,12.94,100.00,1.73,330.80,2
36.71,1091.71,5.00,57.71,16.76,98.23,2.99,567.91,2
37.06,1277.05,5.00,29.39,10.54,100.00,7.44,50.00,2
40.36,853.55,5.00,51.25,16.06,100.00,5.79,327.92,2
45.50,1236.50,5.00,83.30,12.39,100.00,2.00,443.99,2
38.60,1188.01,5.00,64.77,13.25,100.00,1.25,816.94,2
36.53,1182.58,5.00,76.89,9.32,94.11,4.66,225.45,2
42.67,1178.53,5.00,62.84,12.98,100.00,0.03,460.03,2
37.06,1122.62,5.00,100.88,13.79,100.00,2.76,424.13,2
39.54,1167.78,5.00,79.75,11.19,98.88,2.74,110.09,2
32.61,1245.68,5.00,81.55,9.61,100.00,1.86,498.30,2
41.56,1184.61,5.00,99.09,20.58,100.00,3.67,246.99,3
35.94,1235.52,5.00,60.15,13.80,100.00,5.32,271.93,2
31.74,1117.36,5.00,109.25,12.84,100.00,1.02,402.67,2
37.86,1208.87,5.00,84.44,7.44,100.00,2.27,291.57,2
37.83,959.07,5.00,99.79,12.79,100.00,20.04,591.14,3
36.57,1113.46,5.00,70.27,8.52,95.37,4.02,483.43,2
39.70,1132.09,5.00,82.23,16.51,100.00,3.62,571.71,2
32.93,1146.58,5.00,83.36,12.13,100.00,2.98,356.17,2
39.30,1034.37,5.00,35.68,11.28,91.65,0.19,605.62,2
34.53,1020.37,5.00,89.03,13.79,100.00,0.26,259.92,2
29.32,1458.17,5.00,94.52,10.11,100.00,2.50,531.72,2
32.11,1546.67,5.00,70.69,5.53,100.00,1.32,370.71,2
31.86,1281.49,5.00,65.45,10.16,100.00,1.85,431.58,2
29.43,1251.20,5.00,60.67,5.79,96.10,0.17,611.56,1
31.04,1448.29,5.00,72.54,8.89,100.00,0.11,646.58,2
33.82,1501.13,5.00,69.82,12.90,100.00,2.60,452.40,2
29.58,1370.92,5.00,54.45,10.21,100.00,1.62,458.88,2
34.79,1308.80,5.00,66.25,11.57,92.67,3.27,582.96,2
28.96,1448.70,5.00,72.23,17.35,98.90,0.81,350.47,2
40.93,1528.03,5.00,46.76,12.81,94.05,1.72,436.95,2
30.55,1330.58,5.00,82.54,14.00,92.19,1.65,242.05,2
33.61,1477.18,5.00,49.11,4.42,100.00,5.69,546.86,2
30.71,1475.66,5.00,45.85,13.79,96.19,0.42,513.81,2
31.20,1622.66,5.00,46.54,4.03,100.00,0.64,613.01,1
30.84,1388.78,5.00,72.54,10.91,100.00,0.91,644.09,2
32.37,1616.58,5.00,86.91,8.78,100.00,2.89,460.88,2
33.02,1389.16,5.00,55.95,5.00,100.00,0.24,522.02,1
30.58,1144.39,5.00,101.82,9.11,100.00,2.36,449.01,2
38.33,1510.74,5.00,42.40,7.83,100.00,2.04,830.23,2
34.37,1417.68,5.00,48.89,9.10,100.00,3.16,473.55,2
35.40,1448.40,5.00,53.80,3.92,100.00,0.19,583.58,1
30.60,1547.89,5.00,55.13,6.57,90.84,0.77,444.48,1
30.56,1361.36,5.00,28.12,14.67,100.00,4.48,403.15,2
29.32,1590.33,5.00,52.34,9.99,97.82,3.30,389.68,2
27.32,1536.90,5.00,101.07,16.36,92.80,4.00,624.84,2
35.90,1318.83,5.00,84.05,2.36,100.00,3.25,358.07,2
37.67,1499.90,5.00,38.38,12.69,96.37,1.69,656.56,2
29.60,1617.12,5.00,59.17,3.00,100.00,4.67,604.34,2
31.27,1412.48,5.00,90.25,10.26,98.46,0.19,682.32,2
26.75,1408.39,5.00,93.15,6.36,100.00,0.19,304.59,2
29.70,1418.76,5.00,31.05,7.94,98.84,0.35,601.04,1
34.29,1461.18,5.00,73.18,5.70,99.57,10.43,689.74,3
30.19,1476.14,5.00,80.69,3.36,96.77,0.00,481.76,1
36.29,1427.99,5.00,43.66,5.67,98.22,0.67,474.87,1
30.78,1542.50,5.00,42.45,9.88,89.79,2.67,435.80,2
32.91,1447.02,5.00,64.84,7.14,100.00,0.76,50.00,2
34.15,1495.05,5.00,72.99,12.09,96.76,1.02,654.24,2
30.78,1215.02,5.00,53.09,7.72,95.86,0.23,526.27,1
31.33,1270.31,5.00,102.88,7.69,97.07,0.81,758.34,2
35.75,1363.84,5.00,66.01,12.93,97.83,5.39,444.29,2
33.51,1538.76,5.00,133.10,1.85,100.00,0.44,436.43,2
34.31,1321.22,5.00,85.97,8.15,100.00,5.01,387.36,2
36.73,1268.50,5.00,35.53,2.07,95.80,0.51,544.25,1
35.82,1272.82,5.00,80.21,7.85,96.23,4.79,549.51,2
25.38,1487.38,5.00,39.11,7.41,100.00,1.40,533.66,1
32.73,1363.22,5.00,91.52,7.38,92.00,0.42,477.44,2
29.33,1555.14,5.00,51.06,10.53,97.71,5.74,223.61,2
28.57,1402.45,5.00,5.00,10.93,98.98,4.53,159.06,2
29.30,1237.12,5.00,51.65,6.75,100.00,0.61,468.23,1
33.47,1493.14,5.00,5.00,7.02,95.81,0.38,376.89,1
34.64,1423.37,5.00,35.06,13.90,100.00,1.91,308.96,2
31.64,1392.13,5.00,102.25,11.62,91.54,0.20,682.87,2
28.37,1425.58,5.00,67.89,10.58,100.00,1.38,407.79,2
35.35,1380.05,5.00,78.53,11.08,100.00,2.88,431.93,2
30.69,1389.98,5.00,64.55,13.51,98.90,3.42,517.03,2
34.17,1194.30,5.00,98.40,11.71,100.00,1.02,609.69,2
32.47,1501.40,5.00,51.01,7.45,97.53,2.16,673.24,2
27.06,1433.58,5.00,53.14,9.03,100.00,1.15,183.15,1
34.46,1513.98,5.00,72.94,4.45,97.10,1.12,646.27,2
27.73,1437.49,5.00,49.13,6.25,100.00,4.85,648.83,2
36.18,1267.72,5.00,81.41,10.48,92.56,1.53,294.57,2
29.66,1356.25,5.00,53.27,11.19,100.00,4.01,311.56,2
31.37,1436.80,5.00,101.10,6.35,100.00,6.42,551.57,2
33.61,1606.11,5.00,54.36,8.57,99.83,0.33,537.80,2
27.69,1564.30,5.00,111.03,13.61,100.00,0.62,490.36,2
37.94,1172.27,5.00,96.96,10.55,100.00,0.33,342.77,2
31.40,1526.64,5.00,67.21,4.25,100.00,5.31,677.33,2
25.56,1075.53,5.00,74.05,7.81,100.00,4.83,482.18,2
32.11,1532.81,5.00,95.99,10.67,100.00,0.07,370.27,2
27.74,1448.97,5.00,56.85,5.23,100.00,0.15,357.44,1
27.28,1451.88,5.00,116.31,11.67,100.00,0.82,578.67,2
30.66,1630.69,5.00,123.51,7.90,90.88,0.18,662.21,2
29.36,1495.92,5.00,96.92,3.37,100.00,0.02,478.50,1
26.95,1532.43,5.00,80.95,7.62,100.00,5.01,427.27,2
27.55,1404.57,5.00,91.27,8.71,100.00,4.76,784.98,2
46.33,454.21,5.00,29.45,5.61,95.34,1.47,405.12,2
47.37,561.53,5.00,27.19,0.50,94.36,3.00,481.50,2
48.14,627.77,5.00,72.41,6.03,100.00,1.38,339.49,2
46.53,615.81,5.00,15.64,4.82,100.00,6.61,258.81,2
44.88,645.14,5.00,37.07,6.66,88.42,3.91,350.42,2
43.87,768.18,5.00,71.39,5.52,98.94,8.84,422.45,2
40.11,544.54,5.00,32.54,0.50,98.35,6.23,540.98,2
45.81,469.31,5.00,35.38,0.50,97.07,6.82,194.56,2
43.45,667.06,5.00,39.29,4.94,100.00,4.18,51.76,2
43.76,918.92,5.00,5.00,2.76,100.00,0.63,611.77,1
45.48,641.04,5.00,36.61,0.50,96.54,2.35,299.31,2
50.39,520.28,5.00,5.00,2.20,100.00,0.72,148.03,2
50.13,820.32,5.00,42.33,3.12,96.74,1.62,353.52,2
45.63,653.53,5.00,34.56,2.05,100.00,1.86,319.42,2
54.23,513.75,5.00,44.55,5.25,100.00,10.62,370.35,3
46.30,455.66,5.00,56.62,3.89,100.00,8.64,346.14,2
45.24,626.11,5.00,28.07,4.63,96.24,0.20,420.96,2
44.48,786.66,5.00,16.02,0.89,97.31,2.98,227.78,2
41.21,447.22,5.00,37.74,3.70,99.66,9.36,352.61,2
43.99,546.26,5.00,49.68,6.94,96.23,0.68,424.84,2
41.64,642.70,5.00,112.45,3.54,100.00,8.32,401.64,3
44.66,604.27,5.00,34.75,0.50,99.73,2.04,225.03,2
42.84,620.70,5.00,5.00,1.16,100.00,0.14,308.55,1
46.10,642.00,5.00,10.67,0.50,100.00,2.63,362.17,2
40.55,920.02,5.00,25.43,3.25,96.55,6.03,317.50,2
47.08,423.66,5.00,46.50,1.63,100.00,1.95,514.70,2
48.97,427.06,5.00,52.17,2.85,100.00,3.02,281.72,2
39.88,591.35,5.00,5.00,0.50,100.00,1.80,430.92,1
45.98,508.75,5.00,5.00,3.21,100.00,2.72,514.31,2
50.12,596.41,5.00,5.00,1.62,100.00,0.94,375.40,2
47.02,660.70,5.00,15.67,3.48,94.32,0.37,448.99,2
37.48,662.10,5.00,14.83,3.23,92.50,19.58,370.21,3
52.42,651.81,5.00,18.97,1.86,100.00,0.11,268.06,2
46.56,743.46,5.00,29.29,2.34,93.38,0.31,533.08,2
48.35,792.48,5.00,5.00,0.50,100.00,15.88,244.16,3
47.25,436.41,5.00,5.00,0.50,100.00,2.99,328.22,2
39.46,629.86,5.00,12.94,4.58,94.56,2.42,645.85,1
38.22,517.83,5.00,27.68,0.81,100.00,1.52,594.20,1
41.19,558.52,5.00,31.23,3.35,95.50,0.61,270.95,2
43.78,605.00,5.00,44.21,0.50,100.00,3.67,262.99,2
48.74,427.82,5.00,37.61,0.50,90.09,4.17,342.92,2
40.82,780.67,5.00,16.77,0.50,86.40,11.03,357.38,3
41.13,406.34,5.00,62.72,1.56,100.00,1.83,645.82,2
46.13,711.02,5.00,33.44,0.50,99.09,1.89,569.02,2
45.36,448.24,5.00,5.00,2.41,95.29,14.65,675.90,3
50.40,628.73,5.00,29.33,0.50,100.00,8.88,128.98,2
44.61,638.34,5.00,47.85,8.67,100.00,13.17,250.62,3
39.87,476.71,5.00,52.01,3.20,100.00,1.51,470.49,2
48.61,498.62,5.00,31.25,1.09,100.00,5.87,451.75,2
50.29,390.33,5.00,66.31,9.39,92.07,0.40,525.71,2
44.98,531.55,5.00,66.20,2.70,100.00,1.95,511.48,2
40.17,400.63,5.00,38.61,2.78,95.70,7.96,531.44,2
46.90,594.11,5.00,78.56,0.50,100.00,2.69,320.85,2
46.12,414.94,5.00,69.40,3.08,100.00,0.54,593.58,2
46.01,797.09,5.00,32.48,1.57,93.01,6.17,431.00,2
51.79,654.77,5.00,41.20,4.16,94.01,0.01,653.49,2
46.33,455.64,5.00,14.43,7.99,100.00,0.35,671.92,2
47.52,532.72,5.00,48.64,3.62,94.01,3.91,487.82,2
45.00,656.82,5.00,9.57,4.38,91.01,1.07,581.50,1
42.70,514.24,5.00,29.85,5.21,98.07,1.74,172.16,2
49.85,557.35,5.00,5.76,3.38,100.00,4.73,703.49,2
45.48,695.67,5.00,41.44,3.90,100.00,1.77,368.73,2
45.61,545.02,5.00,21.38,3.16,99.74,1.82,347.79,2
40.28,529.02,5.00,47.76,0.50,91.44,1.73,420.40,2
43.50,598.40,5.00,49.92,4.89,100.00,4.98,555.38,2
53.71,537.27,5.00,37.94,1.45,100.00,1.99,639.93,2
49.02,418.78,5.00,53.97,3.87,100.00,3.71,306.21,2
46.26,703.08,5.00,101.25,4.49,100.00,4.29,518.37,2
42.82,575.29,5.00,54.24,5.18,93.25,8.19,245.97,2
48.02,398.97,5.00,39.82,4.06,100.00,1.90,294.38,2
48.59,733.64,5.00,24.09,2.27,100.00,6.46,338.54,2
50.27,596.08,5.00,32.82,1.70,98.14,0.34,177.83,2
45.53,672.68,5.00,36.04,3.61,100.00,0.68,446.81,2
45.43,475.46,5.00,37.00,4.91,93.14,0.00,423.12,2
48.47,607.36,5.00,50.81,0.50,100.00,0.81,300.30,2
31.87,547.54,4.00,118.35,1.32,90.91,0.72,770.99,2
31.66,474.39,4.00,40.85,5.06,78.49,2.76,812.02,1
36.93,378.71,4.00,57.04,4.34,83.13,0.99,911.56,1
38.33,572.58,4.00,23.86,6.38,82.76,2.54,842.06,1
41.54,424.18,4.00,39.85,0.50,94.24,4.55,794.32,2
25.09,559.15,4.00,6.42,3.46,95.67,0.50,1211.38,1
41.62,313.95,4.00,40.57,1.29,92.05,0.59,947.27,1
29.81,374.89,4.00,18.00,4.23,76.06,0.96,1013.50,1
40.53,346.59,4.00,88.30,3.44,86.73,1.65,945.76,2
30.30,372.53,4.00,115.86,1.08,82.11,4.07,1109.11,2
28.95,654.35,4.00,58.37,1.65,90.20,3.57,1055.07,1
31.36,418.04,4.00,84.43,5.91,87.46,1.09,596.24,1
29.99,362.81,4.00,52.43,2.83,84.39,0.89,715.43,1
35.31,536.87,4.00,111.27,5.65,97.18,0.09,698.19,2
34.78,340.83,4.00,84.50,4.28,84.84,0.76,684.31,1
31.20,382.77,4.00,95.44,3.95,84.92,3.78,447.35,2
34.70,645.58,4.00,72.92,2.92,79.14,0.63,939.08,1
33.40,574.13,4.00,86.00,3.84,93.82,0.10,524.70,1
32.35,463.25,4.00,54.49,1.08,95.70,0.39,1019.34,1
37.31,366.44,4.00,69.19,5.39,90.06,2.93,819.32,2
29.07,540.79,4.00,45.66,2.83,100.00,0.89,925.28,1
27.20,371.71,4.00,78.87,4.70,85.38,0.30,715.38,1
39.96,512.79,4.00,55.95,4.82,84.10,4.48,900.95,2
42.12,462.98,4.00,52.93,4.69,83.05,1.26,822.05,1
33.59,430.14,4.00,82.66,3.35,80.44,5.10,888.51,2
37.84,528.08,4.00,36.94,5.82,91.69,0.50,726.84,1
40.07,382.19,4.00,53.86,8.30,90.73,2.13,945.44,2
32.36,311.28,4.00,41.83,2.85,82.48,1.22,778.03,1
38.36,555.32,4.00,11.22,6.84,82.84,2.37,1008.55,1
42.26,325.64,4.00,77.17,0.64,86.79,1.92,1111.86,2
38.35,407.27,4.00,90.74,3.88,85.37,0.52,1075.91,1
39.19,378.68,4.00,63.37,0.50,84.47,2.06,1048.46,1
33.45,385.37,4.00,57.04,4.15,91.85,0.85,813.28,1
33.49,636.91,4.00,67.39,2.17,93.54,1.01,973.58,1
30.91,333.48,4.00,129.40,0.79,79.58,5.94,990.17,2
34.95,378.88,4.00,44.91,0.50,77.30,1.07,1165.17,1
38.14,554.97,4.00,47.09,5.95,96.04,0.92,1148.10,1
28.07,402.22,4.00,50.71,2.52,89.59,2.16,778.36,1
34.40,551.82,4.00,68.84,4.09,93.14,0.17,890.84,1
34.10,259.55,4.00,91.33,4.91,80.10,1.37,945.80,1
37.95,510.60,4.00,11.35,3.89,78.16,2.63,780.30,1
32.66,357.02,4.00,14.06,4.68,82.43,2.13,924.48,1
33.72,480.51,4.00,72.94,7.91,87.21,2.29,925.97,2
34.47,343.12,4.00,61.02,5.50,83.79,2.43,825.38,1
30.50,597.11,4.00,72.19,3.21,80.88,1.53,756.73,1
37.00,316.73,4.00,24.48,0.50,86.40,1.31,727.52,1
29.81,259.26,4.00,63.28,2.92,79.63,3.39,837.83,1
34.78,589.76,4.00,83.82,0.50,81.85,2.62,762.72,1
32.32,364.65,4.00,5.00,4.91,86.06,0.82,1025.53,1
33.18,270.60,4.00,88.42,0.50,91.40,0.14,627.72,1
33.67,267.66,4.00,55.69,5.70,80.45,0.27,1001.37,1
34.47,378.48,4.00,51.73,2.87,75.27,1.41,1029.00,1
28.60,493.92,4.00,85.83,1.17,86.24,0.21,924.21,1
34.00,510.41,4.00,8.30,6.16,89.13,1.49,730.61,1
34.20,251.16,4.00,69.96,7.86,88.35,2.43,744.00,2
36.89,566.74,4.00,71.71,1.56,77.23,2.21,741.75,1
36.54,255.60,4.00,86.53,3.13,95.31,0.18,953.71,1
36.99,336.48,4.00,92.54,0.50,81.47,0.23,1073.86,1
35.51,335.55,4.00,102.21,4.33,71.48,1.02,930.90,1
38.13,211.16,4.00,54.97,7.40,90.71,2.36,881.66,2
37.03,475.21,4.00,98.41,7.67,83.59,2.47,1003.04,2
33.15,360.97,4.00,37.30,0.50,68.17,0.63,1059.32,1
35.29,375.68,4.00,20.41,1.45,90.05,3.90,967.27,1
31.14,418.20,4.00,35.40,5.86,83.41,3.49,865.51,1
34.62,553.45,4.00,77.03,8.11,85.88,3.08,1081.91,2
37.44,412.89,4.00,5.00,0.63,91.19,1.62,957.44,1
34.53,261.49,4.00,113.48,2.49,88.65,0.44,1053.40,2
30.97,304.25,4.00,43.60,4.03,89.95,0.28,818.66,1
34.06,234.79,4.00,99.75,4.21,96.29,1.93,840.99,2
27.88,270.93,4.00,72.75,8.55,80.85,0.51,821.84,1
28.82,628.91,4.00,27.66,4.08,93.18,0.60,943.26,1
36.57,419.04,4.00,84.13,0.50,88.93,0.19,761.47,1
37.39,535.50,4.00,29.25,10.49,92.30,1.75,879.74,1
27.19,645.70,4.00,61.43,0.50,82.22,7.89,560.60,2
32.71,174.06,4.00,69.24,8.27,84.15,1.70,946.01,1
51.11,2060.37,1.00,92.25,14.45,86.94,3.99,269.14,2
52.61,2145.02,1.00,82.42,20.89,83.48,4.78,219.58,2
49.65,2111.01,1.00,125.47,20.93,92.55,0.55,482.72,2
52.09,2368.01,1.00,78.17,20.11,87.93,14.74,364.86,3
53.03,2208.16,1.00,99.75,10.73,77.36,0.07,347.66,2
51.48,2039.11,1.00,78.56,14.86,90.91,0.40,425.40,2
58.60,2304.15,1.00,113.49,15.25,89.55,6.53,366.35,3
54.11,2042.33,1.00,93.58,13.85,86.71,2.85,360.21,2
49.62,2175.30,1.00,91.66,10.17,81.93,16.13,175.04,3
55.66,2065.65,1.00,103.95,16.90,91.72,5.61,158.07,2
50.09,2289.62,1.00,107.88,17.90,87.62,2.49,497.87,2
53.13,2010.43,1.00,99.56,15.60,97.37,5.13,276.43,2
56.56,2178.92,1.00,110.91,14.47,89.86,1.76,538.95,2
57.67,2140.27,1.00,153.51,18.08,92.01,2.28,482.96,3
58.94,2157.62,1.00,75.36,10.82,90.13,2.40,214.74,2
59.89,2043.94,1.00,113.58,13.46,92.29,0.84,396.45,2
55.02,2238.75,1.00,108.90,18.61,93.55,10.36,332.41,3
48.01,2102.83,1.00,70.70,11.02,82.59,8.88,181.67,2
54.72,2090.56,1.00,97.72,12.42,88.05,6.58,293.73,2
53.07,2193.89,1.00,61.36,8.35,90.68,3.24,393.80,2
57.18,2203.57,1.00,109.84,15.47,90.04,3.52,381.04,2
46.57,2199.63,1.00,163.29,16.35,98.50,8.89,225.62,3
53.42,2007.32,1.00,151.84,13.03,92.98,9.45,124.89,3
56.88,2130.30,1.00,139.95,15.53,88.95,1.46,280.16,2
52.52,2234.78,1.00,137.85,19.10,78.87,7.45,215.33,3
53.30,2317.91,1.00,148.38,20.22,86.91,1.45,504.61,2
54.92,1945.48,1.00,58.05,10.22,90.15,1.08,247.30,2
52.69,1993.42,1.00,120.94,11.20,83.58,3.47,50.00,2
52.36,2101.52,1.00,105.54,18.50,85.80,3.10,306.76,2
60.97,2370.07,1.00,88.20,17.17,93.10,13.23,230.38,3
53.97,2014.82,1.00,88.30,14.23,90.36,0.70,593.90,2
55.35,2008.80,1.00,133.10,10.19,85.13,1.14,281.30,2
52.95,1993.85,1.00,78.69,18.01,88.67,4.19,273.87,2
54.32,2207.15,1.00,173.15,12.52,81.88,1.37,206.77,2
59.93,2153.68,1.00,90.82,15.52,93.70,1.54,413.19,2
51.11,2371.57,1.00,158.23,16.27,88.53,1.69,474.60,2
51.25,2235.33,1.00,134.67,14.59,84.60,1.09,553.45,2
49.28,2042.14,1.00,123.68,13.30,86.80,2.19,75.90,2
53.83,2175.23,1.00,152.20,20.14,79.00,0.25,50.00,2
57.54,2573.49,1.00,78.79,16.85,84.35,14.25,239.18,3
52.56,2214.97,1.00,82.95,13.58,86.20,5.01,318.99,2
57.31,2156.60,1.00,120.46,14.10,86.40,2.29,363.13,2
52.15,2064.76,1.00,119.71,10.55,92.16,0.61,302.41,2
51.60,2289.61,1.00,136.62,11.64,82.07,3.08,704.08,2
52.57,2177.68,1.00,127.76,16.41,85.62,2.33,577.12,2
54.07,2014.27,1.00,108.22,12.28,83.91,2.95,447.97,2
53.00,2288.06,1.00,103.64,14.55,95.23,1.91,272.97,2
58.55,2265.24,1.00,65.05,18.75,77.57,0.39,454.72,2
57.53,1990.21,1.00,84.43,10.68,83.65,2.38,132.26,2
54.33,2366.73,1.00,176.57,15.79,95.30,1.25,354.81,2
54.81,2164.82,1.00,91.05,21.33,85.72,5.27,315.46,2
50.27,2143.81,1.00,157.70,18.99,96.70,8.88,323.66,3
51.49,2355.10,1.00,158.38,18.06,92.52,0.65,284.79,2
53.03,2069.39,1.00,78.55,13.83,80.19,0.16,633.66,2
57.48,2080.61,1.00,137.73,18.32,82.17,0.47,488.42,2
56.69,2086.71,1.00,109.77,16.70,93.31,0.35,53.35,2
53.44,2213.28,1.00,111.21,15.73,92.16,4.44,532.84,2
58.71,2323.24,1.00,117.18,15.60,93.84,9.27,429.81,3
61.85,1822.88,1.00,104.55,19.26,94.48,0.18,704.85,2
57.98,2197.94,1.00,117.66,12.12,81.66,0.59,368.38,2
53.80,2180.36,1.00,94.61,13.98,94.88,4.64,560.33,2
48.50,2038.12,1.00,52.76,13.15,93.20,6.84,257.92,2
48.30,2216.76,1.00,62.17,17.81,95.31,8.58,114.72,2
57.68,2188.96,1.00,113.47,10.32,86.98,3.66,315.89,2
57.44,2357.51,1.00,122.04,20.33,79.28,0.37,419.89,2
59.62,1900.31,1.00,140.05,12.69,80.37,6.33,496.99,3
58.52,2317.56,1.00,103.40,15.59,83.00,12.86,542.13,3
55.20,2299.22,1.00,90.42,13.54,86.75,1.58,50.00,2
49.57,2156.77,1.00,154.13,16.10,100.00,1.87,172.66,2
56.36,1944.08,1.00,177.67,15.31,83.34,0.39,108.94,2
49.60,2255.50,1.00,108.80,18.76,89.65,2.17,50.00,2
50.57,2169.60,1.00,142.75,12.65,94.97,2.73,254.99,2
52.01,2188.12,1.00,121.75,17.59,85.81,1.71,263.32,2
52.33,2144.65,1.00,143.45,9.70,88.74,7.69,413.74,3
52.03,2156.92,1.00,128.00,10.18,84.31,1.01,215.87,2
35.15,782.37,2.00,5.00,8.09,85.81,0.06,397.87,1
35.36,803.80,2.00,5.00,7.81,90.57,2.88,755.23,1
33.93,699.26,2.00,20.66,0.69,92.61,0.80,533.74,1
35.99,496.35,2.00,5.00,12.87,85.47,2.42,532.77,1
40.80,624.63,2.00,18.21,6.16,84.59,1.72,740.55,1
34.77,747.33,2.00,12.82,8.14,81.05,3.33,583.17,1
39.55,508.28,2.00,31.38,8.96,73.21,0.79,968.24,1
45.49,551.05,2.00,82.49,5.62,84.20,6.53,779.54,2
43.21,442.50,2.00,33.79,7.10,90.48,1.47,523.42,1
40.07,531.97,2.00,79.80,8.83,84.32,1.92,346.88,1
32.48,571.16,2.00,30.65,8.59,82.05,0.88,883.28,1
31.32,420.79,2.00,80.97,13.08,78.87,1.37,648.69,1
36.80,613.90,2.00,34.32,8.89,79.37,4.79,903.13,2
41.42,697.60,2.00,40.40,6.55,87.51,0.38,693.24,1
33.73,500.37,2.00,47.51,5.57,80.48,0.53,553.52,1
38.02,785.31,2.00,30.03,6.67,79.99,2.25,616.54,1
40.70,736.02,2.00,48.28,12.36,85.10,1.83,747.33,1
39.64,615.05,2.00,30.35,4.46,91.72,1.75,747.93,1
36.49,541.21,2.00,52.15,7.14,86.70,1.52,524.86,1
38.68,586.29,2.00,26.27,9.02,84.05,2.67,780.30,1
33.31,611.93,2.00,28.24,9.21,80.95,0.04,855.21,1
36.97,506.31,2.00,5.00,10.65,92.14,2.43,810.88,1
40.02,618.13,2.00,5.00,4.97,81.84,0.09,503.26,1
32.36,704.47,2.00,56.02,4.67,78.72,0.37,534.66,1
35.40,660.68,2.00,41.71,0.50,91.73,3.33,865.46,1
36.85,608.76,2.00,12.17,5.55,79.55,1.48,482.47,1
33.09,804.70,2.00,7.09,10.63,87.73,0.05,378.61,1
36.47,527.22,2.00,32.49,7.43,89.81,3.43,870.56,1
32.19,563.16,2.00,103.88,9.07,99.82,5.94,859.32,2
36.05,564.33,2.00,60.57,6.85,95.64,0.30,655.23,1
39.98,510.84,2.00,19.02,3.85,80.67,2.46,456.86,1
40.02,372.44,2.00,66.55,3.09,80.34,4.32,752.05,1
32.83,853.22,2.00,11.31,8.89,91.96,2.38,566.71,1
35.82,802.73,2.00,10.66,11.40,88.97,7.46,466.46,2
35.62,390.90,2.00,42.06,12.82,88.39,0.12,741.37,1
38.31,728.14,2.00,51.45,5.87,88.79,0.36,718.49,1
38.54,719.98,2.00,62.37,7.13,77.75,0.67,598.23,1
48.47,684.80,2.00,44.49,8.69,94.04,0.43,711.17,1
36.62,597.91,2.00,11.00,11.90,83.35,0.02,754.92,1
39.35,414.19,2.00,46.05,0.50,83.94,1.59,394.17,1
39.74,510.61,2.00,29.80,6.16,83.03,2.32,648.43,1
38.80,408.01,2.00,8.67,5.35,77.06,1.53,575.94,1
37.14,449.25,2.00,41.83,4.13,82.89,1.26,694.09,1
37.56,536.51,2.00,35.33,1.75,90.44,1.59,654.98,1
30.77,800.33,2.00,49.71,5.45,93.02,3.46,611.83,1
39.08,509.64,2.00,5.00,3.73,91.88,0.52,508.14,1
34.84,458.24,2.00,15.16,6.80,78.51,1.19,477.25,1
33.47,663.18,2.00,38.80,6.02,81.46,4.10,439.67,1
32.67,772.93,2.00,27.92,12.09,72.13,1.25,679.31,1
39.47,661.83,2.00,21.29,8.77,90.56,3.26,423.20,1
37.88,717.03,2.00,23.69,4.58,81.98,0.86,650.27,1
38.72,491.23,2.00,19.76,0.50,88.95,0.48,636.74,1
43.04,634.62,2.00,49.14,7.20,81.60,0.19,313.71,1
31.64,714.57,2.00,34.30,3.24,80.79,2.40,659.16,1
32.88,676.22,2.00,74.87,6.16,71.33,0.78,750.51,1
39.14,638.43,2.00,16.67,7.56,91.47,0.20,635.25,1
40.56,571.59,2.00,5.00,0.75,93.17,0.07,742.50,1
32.62,664.61,2.00,5.00,2.99,73.30,0.23,592.66,0
39.13,615.21,2.00,50.17,10.95,91.95,0.23,720.58,1
43.75,625.58,2.00,59.90,7.83,86.85,1.53,579.89,1
31.66,481.50,2.00,51.68,7.69,93.48,1.03,647.68,1
36.51,556.98,2.00,61.56,4.10,81.25,1.59,515.67,1
35.75,473.00,2.00,59.71,5.15,79.09,2.69,654.47,1
31.79,542.26,2.00,29.24,0.50,78.32,1.02,539.37,0
41.16,700.07,2.00,29.59,10.99,89.58,2.41,526.57,1
38.30,592.01,2.00,40.83,9.32,86.29,0.42,684.29,1
34.36,607.76,2.00,66.47,4.92,76.16,1.81,492.12,1
33.20,576.37,2.00,14.28,7.85,78.14,0.44,793.78,1
35.69,614.14,2.00,36.19,0.50,80.75,0.94,591.26,1
40.84,700.33,2.00,91.27,9.40,81.74,0.35,514.13,1
34.19,532.18,2.00,98.35,9.43,92.21,1.64,723.80,1
33.99,513.46,2.00,48.10,3.99,84.20,2.40,871.36,1
33.16,576.60,2.00,66.19,1.41,73.19,1.42,663.41,1
37.77,775.67,2.00,5.00,5.68,80.35,3.61,423.34,1
36.78,677.93,2.00,57.39,5.90,94.72,0.53,329.63,1
33.77,1180.64,4.00,23.68,5.69,68.80,3.22,441.37,1
29.40,921.92,4.00,9.30,3.68,69.10,0.42,277.76,1
31.52,1055.12,4.00,6.68,0.50,55.60,0.63,579.09,1
34.86,883.34,4.00,5.00,8.43,70.57,0.30,715.34,1
31.04,916.63,4.00,5.00,8.76,68.82,1.86,701.32,1
36.61,810.93,4.00,20.52,6.35,69.95,3.14,413.01,1
32.32,1045.56,4.00,8.89,0.87,60.22,0.63,685.56,1
34.16,820.02,4.00,5.00,4.80,72.39,8.54,680.13,2
34.92,900.80,4.00,5.00,2.28,72.77,1.25,525.33,1
33.58,981.50,4.00,50.33,0.50,56.89,2.38,337.62,1
33.24,1065.46,4.00,5.00,4.25,64.67,0.04,357.78,1
33.41,779.39,4.00,77.16,5.36,65.86,1.07,672.27,1
31.79,946.20,4.00,25.44,9.45,68.69,1.96,703.92,1
33.08,1018.03,4.00,29.65,1.63,64.92,1.81,598.83,1
25.45,904.33,4.00,41.91,0.50,69.43,0.44,750.10,1
38.14,976.37,4.00,74.37,0.50,68.76,1.05,754.98,1
35.87,870.62,4.00,17.96,4.69,60.78,1.04,632.22,1
31.65,1101.83,4.00,12.10,11.62,65.76,0.11,588.95,1
36.76,1006.23,4.00,5.00,3.69,53.14,0.34,683.26,1
33.26,1123.23,4.00,5.00,2.84,65.47,0.61,304.94,1
34.58,821.17,4.00,44.91,1.33,51.98,1.67,804.22,1
35.02,958.64,4.00,13.28,2.61,65.31,0.41,602.71,1
36.67,861.70,4.00,33.81,6.59,66.36,2.28,499.30,1
32.79,953.49,4.00,14.18,0.50,63.44,3.73,691.69,1
29.50,1243.23,4.00,5.00,2.30,66.28,1.90,727.91,1
29.88,988.36,4.00,5.00,2.82,76.61,4.15,533.86,1
28.58,1096.16,4.00,5.00,0.50,65.12,1.16,316.32,1
40.19,997.74,4.00,5.00,1.87,61.85,2.71,427.36,1
35.67,1120.90,4.00,21.36,0.50,60.98,1.60,987.04,1
42.88,937.50,4.00,5.00,4.78,61.11,0.14,639.86,1
32.69,897.35,4.00,7.81,0.50,56.11,1.85,775.15,1
35.05,947.82,4.00,13.57,6.98,57.43,0.07,428.10,1
32.27,1138.56,4.00,5.00,0.50,63.47,3.90,603.95,1
28.31,921.72,4.00,5.00,0.50,66.93,1.29,403.92,1
37.39,1062.41,4.00,20.55,4.70,66.43,0.81,604.49,1
31.82,980.27,4.00,5.00,2.43,60.47,4.87,650.15,2
34.05,1072.11,4.00,16.88,6.03,69.16,0.69,535.04,1
29.83,997.04,4.00,17.24,0.50,68.25,0.53,781.89,1
36.18,969.24,4.00,26.66,0.50,48.40,2.99,403.20,1
26.10,1014.56,4.00,5.00,5.13,67.07,2.29,438.79,1
33.08,1178.54,4.00,22.13,7.26,59.44,1.17,481.95,1
37.73,1231.93,4.00,8.37,10.28,65.15,2.52,522.93,1
38.22,922.08,4.00,5.00,1.71,62.19,3.75,420.51,1
31.58,1115.94,4.00,49.33,5.73,60.67,7.16,503.41,2
33.64,985.38,4.00,41.00,0.77,60.23,1.43,453.02,1
29.75,919.50,4.00,7.58,9.47,66.03,0.20,453.88,1
34.61,944.65,4.00,5.00,4.36,64.43,3.75,779.52,1
38.74,1088.96,4.00,5.00,10.43,66.56,1.67,454.73,1
31.31,986.63,4.00,29.40,3.63,74.46,3.03,377.83,1
33.36,1159.76,4.00,5.00,6.89,62.87,0.66,644.65,1
27.96,927.04,4.00,17.19,3.18,65.79,1.91,765.23,1
24.65,912.17,4.00,5.00,0.95,45.77,1.46,559.45,0
33.15,842.72,4.00,5.00,2.08,76.15,2.60,414.51,1
31.86,1218.25,4.00,5.00,0.50,64.10,3.78,918.11,1
32.79,988.34,4.00,17.96,0.93,63.04,5.30,635.59,2
36.34,1074.69,4.00,5.00,1.68,56.84,0.73,592.58,1
29.82,922.82,4.00,24.74,1.92,65.95,0.80,589.17,1
33.64,861.02,4.00,12.03,4.25,55.58,1.56,729.35,1
33.95,905.83,4.00,54.66,5.00,61.02,0.61,664.98,1
25.75,998.48,4.00,7.33,7.21,66.75,2.97,780.13,1
36.41,920.98,4.00,18.23,0.50,63.84,0.77,357.32,1
34.54,917.48,4.00,5.00,6.34,63.98,5.47,506.56,2
33.11,959.05,4.00,36.42,3.81,66.09,2.28,494.46,1
34.52,999.98,4.00,5.00,1.76,61.72,0.97,298.77,1
34.25,973.95,4.00,67.48,2.69,61.91,1.13,739.42,1
26.85,827.72,4.00,5.00,3.32,58.52,1.48,630.85,1
32.36,1222.98,4.00,5.00,3.40,63.38,12.35,606.18,3
36.08,866.42,4.00,5.00,4.64,62.96,7.49,667.75,2
33.35,954.33,4.00,5.00,11.69,68.97,0.42,433.10,1
27.34,1021.56,4.00,5.00,1.60,55.92,1.35,510.24,0
34.36,1061.87,4.00,5.00,4.28,59.32,3.09,656.76,1
31.23,797.61,4.00,32.56,2.64,65.69,0.31,424.61,1
34.94,1013.68,4.00,5.00,0.50,64.83,1.34,698.21,1
39.11,1066.72,4.00,5.00,3.46,61.34,0.21,769.58,1
36.07,1017.00,4.00,38.43,2.49,72.18,1.86,330.42,1
33.65,689.69,3.00,5.00,2.49,76.19,0.10,1121.00,0
35.77,726.80,3.00,25.65,3.56,70.12,0.99,1228.57,1
30.75,730.93,3.00,11.29,4.59,80.06,0.03,1411.60,0
31.13,922.33,3.00,9.59,8.22,68.42,0.16,1095.15,1
29.61,666.40,3.00,23.91,0.50,69.73,0.79,1151.47,0
28.61,809.02,3.00,16.10,1.17,79.45,0.04,1233.66,0
36.20,474.31,3.00,5.00,0.50,66.29,0.76,1245.04,0
29.34,829.79,3.00,5.00,2.34,77.57,0.32,998.91,0
30.14,808.22,3.00,8.76,0.50,63.93,0.59,1013.15,0
33.05,771.67,3.00,5.00,6.21,74.56,2.54,1401.54,1
30.39,880.63,3.00,5.00,0.50,76.32,0.35,1040.03,0
32.59,722.91,3.00,5.00,0.50,83.22,0.37,1017.98,0
34.93,747.49,3.00,5.00,2.41,73.09,0.17,1357.75,0
30.94,642.26,3.00,5.00,0.50,82.41,0.14,1212.23,0
25.83,846.94,3.00,5.00,0.50,69.46,0.38,1156.71,0
25.23,808.33,3.00,34.28,0.50,67.08,0.36,768.74,0
27.49,833.33,3.00,12.39,0.50,72.40,0.52,814.06,0
39.34,706.03,3.00,50.27,2.52,78.04,0.57,1376.59,1
30.34,843.92,3.00,44.95,0.50,71.87,1.11,1120.83,1
31.45,649.04,3.00,5.00,0.50,76.99,0.33,971.53,0
31.85,617.88,3.00,30.20,3.91,75.07,1.53,1226.09,1
29.56,808.58,3.00,5.00,0.50,84.86,0.44,819.51,0
31.23,919.55,3.00,5.00,0.87,76.54,0.95,1081.26,0
33.61,706.22,3.00,52.64,5.27,73.34,0.22,1221.63,1
31.52,699.45,3.00,10.78,1.55,91.70,0.38,900.47,1
29.16,693.49,3.00,10.45,1.89,78.46,0.49,1026.47,0
25.72,653.19,3.00,19.32,3.91,89.36,0.05,1243.36,0
26.14,705.80,3.00,24.01,0.50,75.08,0.12,1219.99,0
34.07,762.20,3.00,22.82,2.75,85.96,0.08,1135.41,1
26.92,527.92,3.00,28.13,1.66,73.42,0.17,940.23,0
33.83,747.69,3.00,11.14,2.52,76.76,0.12,1286.43,0
40.29,862.73,3.00,5.00,3.75,67.70,1.60,894.30,1
36.51,678.49,3.00,5.00,4.29,81.75,0.32,1125.30,1
32.55,741.85,3.00,16.83,2.54,64.41,1.36,1273.23,1
35.73,436.22,3.00,59.90,0.50,72.44,1.07,1093.86,1
38.42,561.01,3.00,29.03,0.50,72.36,0.10,1007.48,1
32.01,833.25,3.00,5.00,0.50,79.88,0.14,1095.12,0
29.48,919.25,3.00,5.00,0.50,81.09,0.04,960.87,0
31.55,743.39,3.00,8.00,3.13,71.43,0.10,1309.91,0
26.70,694.89,3.00,52.84,5.35,88.45,0.06,1171.89,1
24.86,774.47,3.00,5.00,0.50,69.59,0.36,1209.82,0
32.18,801.09,3.00,5.00,0.50,68.42,0.50,1073.36,0
34.46,674.26,3.00,23.69,5.80,68.95,0.75,1015.11,1
25.60,710.86,3.00,5.00,0.50,71.97,0.37,1208.22,0
38.75,558.27,3.00,5.00,1.50,87.68,0.41,901.27,1
27.60,770.98,3.00,5.00,3.10,71.53,0.62,1281.73,0
30.60,653.37,3.00,5.00,3.82,79.41,0.44,1281.35,0
30.08,456.71,3.00,5.00,8.90,72.65,0.11,1365.65,0
34.67,619.42,3.00,5.00,3.38,76.22,1.24,1187.69,1
34.62,835.38,3.00,37.33,0.50,82.40,0.07,1021.80,1
29.27,598.08,3.00,5.00,0.50,74.26,0.22,1131.78,0
30.10,659.29,3.00,40.58,0.50,86.49,0.71,1270.89,1
33.23,923.71,3.00,16.90,3.54,74.28,0.34,895.69,1
32.37,631.91,3.00,5.00,1.62,66.88,0.06,1120.86,0
26.35,630.92,3.00,21.77,1.62,81.86,0.53,1127.19,0
35.08,710.24,3.00,35.99,1.34,72.00,0.97,1041.09,1
34.25,745.02,3.00,5.00,1.65,83.58,0.16,1179.12,0
37.18,777.68,3.00,14.85,0.73,79.49,0.21,1119.41,1
31.06,601.57,3.00,5.00,2.89,77.24,0.44,1007.27,0
32.66,689.57,3.00,5.00,0.50,70.63,1.35,1115.23,0
28.55,694.87,3.00,44.97,0.50,87.82,0.03,1120.38,1
33.96,651.41,3.00,40.42,0.50,73.75,0.19,1053.32,1
40.05,770.29,3.00,23.93,5.01,67.67,0.32,1362.84,1
35.01,685.63,3.00,5.00,3.33,90.98,0.16,1083.66,1
33.43,910.14,3.00,5.00,3.68,74.50,0.43,1278.57,0
26.69,654.86,3.00,5.00,6.00,76.50,0.54,1071.06,0
27.11,579.87,3.00,40.47,0.50,79.26,0.13,1007.59,0
30.01,846.33,3.00,21.23,6.97,73.55,0.37,1226.60,1
23.29,693.53,3.00,14.77,0.50,69.67,0.25,1184.22,0
35.19,820.63,3.00,26.26,1.35,74.40,0.42,1352.78,1
33.79,919.68,3.00,5.00,4.18,70.31,0.02,996.99,0
35.01,872.84,3.00,34.95,2.64,82.75,0.22,1091.28,1
31.73,773.48,3.00,19.19,0.50,69.46,0.45,1115.38,0
29.85,703.69,3.00,12.31,3.01,78.38,0.22,1216.56,0
38.13,737.65,3.00,21.36,2.21,79.38,0.61,1082.07,1
13.77,102.73,2.00,54.37,7.25,92.73,0.01,1782.24,1
29.57,169.47,2.00,46.82,8.51,95.57,1.29,1899.54,1
20.93,409.91,2.00,47.72,1.48,87.33,0.81,1667.89,0
26.26,257.58,2.00,95.98,4.20,83.24,0.99,1828.80,1
24.41,100.00,2.00,39.82,7.32,83.70,0.02,1909.10,0
25.02,100.00,2.00,43.67,4.69,86.34,2.78,1764.11,1
20.26,100.00,2.00,119.70,8.99,89.97,0.41,1767.52,2
31.18,156.74,2.00,80.42,5.78,73.37,0.60,1753.44,1
25.91,332.50,2.00,91.25,8.01,93.18,0.05,1681.14,1
24.57,415.41,2.00,107.19,2.71,77.97,0.02,1886.84,1
30.50,100.00,2.00,123.62,7.15,94.70,0.11,1740.78,2
29.02,100.00,2.00,74.32,10.03,92.04,0.75,1774.28,1
20.55,100.00,2.00,99.30,12.17,82.13,1.15,1668.05,1
26.38,154.78,2.00,30.03,5.33,85.48,0.23,1758.62,0
28.17,203.67,2.00,91.66,6.15,88.22,0.56,1646.26,1
21.14,101.56,2.00,95.32,8.51,87.50,0.03,1497.89,1
23.75,100.00,2.00,87.70,6.88,87.26,0.40,1823.73,1
25.10,247.89,2.00,76.19,6.84,88.01,0.79,1840.12,1
30.17,343.57,2.00,52.17,9.45,92.56,0.08,2042.66,1
25.81,100.00,2.00,73.33,4.78,82.18,0.33,1941.54,1
29.28,100.00,2.00,92.27,7.31,85.37,0.13,1810.32,1
23.75,205.55,2.00,93.78,4.38,83.04,0.91,1818.22,1
22.53,100.00,2.00,63.43,12.16,80.79,0.26,1785.42,1
24.73,255.91,2.00,42.82,1.16,86.88,0.16,1820.31,0
28.87,206.22,2.00,60.75,7.35,78.15,0.36,1870.80,1
27.70,249.82,2.00,38.70,5.70,87.88,0.09,1750.04,0
19.47,203.22,2.00,79.29,11.23,77.34,0.96,1592.09,1
30.08,291.48,2.00,91.37,6.21,84.69,1.13,1760.49,1
20.68,126.95,2.00,104.87,1.97,95.16,1.13,1731.58,1
20.30,314.80,2.00,79.99,7.24,79.24,0.07,1824.04,1
20.26,122.67,2.00,113.13,7.79,80.34,0.14,1930.91,2
23.22,273.84,2.00,79.08,7.90,95.68,0.44,1723.84,1
25.95,100.00,2.00,82.31,5.78,87.37,0.12,1672.91,1
19.27,203.98,2.00,57.79,6.98,82.90,0.06,1826.51,1
13.01,335.25,2.00,95.25,10.66,72.56,1.47,1701.82,1
28.95,461.02,2.00,79.27,7.64,79.17,0.91,1777.92,1
21.37,301.73,2.00,37.57,8.51,86.80,0.26,1761.92,0
19.93,197.11,2.00,106.73,5.70,87.86,1.46,1779.07,1
23.04,203.95,2.00,75.41,9.64,92.86,0.07,1863.29,1
25.87,419.15,2.00,73.12,11.04,81.15,0.14,1999.30,1
22.03,432.54,2.00,101.31,4.69,89.95,0.30,1780.56,1
23.21,440.00,2.00,65.94,4.76,94.25,0.46,1733.26,1
20.07,356.73,2.00,67.73,6.53,84.32,0.09,1796.29,1
28.09,430.61,2.00,65.78,9.00,89.69,0.19,1961.01,1
19.95,257.92,2.00,108.37,6.22,92.12,0.45,1759.27,1
25.20,100.00,2.00,19.88,7.05,83.82,0.04,1653.46,0
23.36,135.32,2.00,94.61,5.96,93.17,0.38,1702.72,1
20.38,345.73,2.00,84.08,8.68,82.48,0.05,1960.75,1
19.15,226.62,2.00,87.20,6.74,93.08,0.35,1777.63,1
26.71,239.10,2.00,88.32,7.49,87.52,0.13,1526.15,1
21.22,100.00,2.00,75.83,6.45,83.79,0.49,1836.47,1
23.75,199.78,2.00,39.29,4.53,84.00,0.49,1782.76,0
28.38,100.00,2.00,57.11,8.61,95.61,0.10,1713.39,1
29.22,326.98,2.00,105.97,5.04,75.51,0.41,2023.52,1
19.81,272.94,2.00,40.47,3.44,93.66,0.33,1718.77,0
23.50,276.28,2.00,117.29,5.39,97.31,0.03,2098.81,2
18.68,159.34,2.00,91.42,8.83,88.44,0.92,1495.27,1
19.58,100.00,2.00,85.58,5.10,83.05,0.67,1953.29,1
19.04,414.63,2.00,93.74,4.37,87.73,0.01,1925.29,1
29.36,290.46,2.00,129.10,8.22,91.47,1.18,1751.47,2
33.02,260.94,2.00,103.76,8.17,86.22,0.33,1765.84,1
16.33,100.00,2.00,99.94,6.64,88.73,0.10,1809.66,1
26.92,311.78,2.00,106.86,11.42,91.68,0.86,1829.52,1
18.67,176.23,2.00,78.07,9.75,81.43,0.00,1919.45,1
20.69,238.71,2.00,62.30,9.41,80.03,0.17,1782.69,1
22.19,290.02,2.00,99.37,7.30,91.07,0.06,1886.33,1
25.55,206.34,2.00,105.14,10.71,79.55,0.02,2065.06,1
26.35,368.16,2.00,106.37,6.41,77.58,1.03,1650.16,1
24.25,412.79,2.00,74.85,5.35,78.18,0.91,2035.13,1
28.40,175.99,2.00,57.23,5.23,84.53,1.17,1741.73,1
21.43,161.64,2.00,66.26,9.80,86.06,0.16,1632.73,1
23.69,433.24,2.00,59.41,1.18,88.81,0.19,1851.98,1
29.10,100.00,2.00,74.28,13.59,86.12,0.86,1794.77,1
29.82,182.87,2.00,70.63,5.75,78.37,0.01,1544.28,1
22.26,373.53,2.00,64.35,7.02,88.32,3.34,1819.46,1
6.21,145.39,1.00,19.33,7.78,44.17,0.24,4200.00,0
11.35,63.00,1.00,6.63,8.26,40.04,0.01,3500.00,0
18.66,848.46,3.00,6.16,0.63,45.18,0.06,2200.00,0
5.00,104.69,1.00,35.27,0.36,46.74,0.12,4200.00,0
16.15,40.00,2.00,36.98,9.21,34.94,0.12,2800.00,0
5.15,40.00,2.00,104.12,2.85,70.00,0.22,3800.00,1
19.47,40.00,2.00,1.81,1.03,70.00,0.10,2800.00,0
13.77,88.18,1.00,29.72,1.02,43.00,0.07,4200.00,0
17.24,98.60,2.00,1.54,0.07,47.94,0.06,2800.00,0
21.10,752.01,3.00,9.16,2.26,53.08,0.12,2200.00,1
12.44,40.00,2.00,44.80,9.26,63.52,0.18,3800.00,0
15.05,826.19,3.00,21.87,9.61,39.87,0.40,2200.00,0
21.76,77.77,2.00,2.96,2.92,39.92,0.20,2800.00,1
5.76,108.29,1.00,78.01,2.53,48.85,0.32,3500.00,1
10.96,53.70,2.00,108.18,1.28,46.56,0.39,2800.00,1
5.75,40.00,2.00,92.52,4.27,32.83,0.25,3800.00,1
5.00,165.93,1.00,25.65,5.97,43.49,0.41,4200.00,0
10.65,746.87,3.00,12.57,0.68,44.16,0.09,2200.00,0
6.20,97.82,1.00,6.88,2.54,27.65,0.28,4200.00,0
11.45,40.59,2.00,22.09,8.41,34.69,0.04,3800.00,0
5.00,71.89,1.00,68.70,0.63,44.31,0.32,4200.00,1
11.71,92.78,2.00,25.13,6.49,49.60,0.06,2800.00,0
17.72,81.75,2.00,27.77,14.07,38.14,0.73,2800.00,0
11.86,121.42,1.00,3.20,2.66,63.55,0.09,4200.00,0
10.42,99.27,1.00,2.12,0.07,62.09,0.87,3500.00,0
21.66,706.14,3.00,0.85,0.97,21.24,0.03,2200.00,1
19.64,58.87,1.00,48.50,2.36,38.21,0.00,3500.00,0
14.06,777.89,3.00,25.86,3.20,51.66,0.09,2200.00,0
15.99,747.98,3.00,10.27,1.23,36.32,0.01,2200.00,0
15.47,47.51,2.00,12.85,11.04,45.73,1.08,2800.00,0
5.00,40.00,2.00,0.28,9.14,29.56,0.50,3800.00,0
15.79,77.64,2.00,6.96,4.64,37.88,0.23,2800.00,0
10.86,98.20,1.00,0.10,0.07,25.95,0.23,4200.00,0
11.17,106.99,1.00,14.50,1.67,56.53,0.30,3500.00,0
10.62,69.77,2.00,16.56,0.33,40.68,0.39,2800.00,0
7.95,40.00,2.00,2.59,1.39,39.73,0.03,3800.00,0
12.18,102.51,2.00,2.30,4.27,39.87,0.03,2800.00,0
15.47,750.66,3.00,19.86,2.11,37.65,0.42,2200.00,0
5.68,79.52,1.00,28.42,7.23,57.65,0.11,3500.00,0
12.43,99.81,2.00,15.77,1.13,43.75,0.03,2800.00,0
5.00,87.32,2.00,14.01,12.03,37.48,0.00,3800.00,0
14.36,136.91,1.00,30.75,1.82,50.89,0.01,4200.00,0
13.31,87.47,2.00,26.56,0.29,54.33,0.15,2800.00,0
9.07,133.73,1.00,3.06,9.19,46.55,0.34,3500.00,0
12.38,89.61,2.00,24.47,0.26,40.73,0.01,2800.00,0
15.47,105.67,2.00,8.79,2.50,52.03,0.22,2800.00,0
7.32,137.71,2.00,9.25,2.44,59.37,0.16,2800.00,0
12.99,777.93,3.00,38.58,4.89,43.20,0.05,2200.00,0
11.51,138.41,2.00,39.29,0.09,62.73,1.00,2800.00,0
18.83,767.02,3.00,8.14,1.40,49.71,0.21,2200.00,0
14.31,128.30,2.00,12.92,1.81,28.25,0.05,2800.00,0
17.45,797.46,3.00,13.98,1.41,47.38,0.76,2200.00,0
5.97,75.39,1.00,16.19,8.86,55.83,0.12,3500.00,0
12.99,123.53,1.00,24.56,0.19,62.67,0.05,4200.00,0
13.59,52.71,2.00,7.28,4.79,60.20,0.08,2800.00,0
18.49,744.33,3.00,4.88,7.22,50.30,0.27,2200.00,0
7.31,81.04,1.00,29.04,1.20,42.54,0.69,4200.00,0
14.61,62.88,2.00,6.75,1.48,48.74,0.28,3800.00,0
16.69,97.38,2.00,10.73,2.12,49.33,0.08,2800.00,0
16.29,792.53,3.00,21.61,0.81,27.71,0.32,2200.00,0
5.64,40.00,2.00,52.75,6.32,50.57,0.02,3800.00,0
18.90,77.76,2.00,4.81,2.25,47.99,0.21,2800.00,0
17.54,108.03,2.00,13.76,8.99,37.01,0.15,2800.00,0
9.69,83.65,2.00,12.90,10.25,58.98,0.06,2800.00,0
5.00,152.36,1.00,0.03,2.07,38.53,0.02,4200.00,0
10.78,127.57,1.00,0.97,3.26,58.64,0.13,3500.00,0
10.26,81.19,2.00,23.15,2.01,58.17,0.01,3800.00,0
9.90,67.20,1.00,70.87,3.11,50.99,0.07,4200.00,1
5.99,85.39,1.00,28.45,1.33,40.42,0.29,4200.00,0
13.21,40.00,1.00,6.62,3.36,57.03,0.14,3500.00,0
20.53,782.02,3.00,16.92,0.48,21.50,0.04,2200.00,1
16.31,66.30,2.00,11.92,2.19,36.51,0.13,2800.00,0
10.39,119.22,1.00,6.52,0.68,39.24,0.01,3500.00,0
9.21,54.45,2.00,10.15,16.92,47.58,0.02,3800.00,0
11.12,40.00,2.00,3.58,7.42,34.84,0.19,3800.00,0
16.09,780.83,3.00,37.69,5.24,45.93,0.15,2200.00,0
5.36,115.74,1.00,20.59,2.67,62.42,0.02,3500.00,0
8.04,40.00,2.00,4.62,5.48,43.90,0.21,3800.00,0
9.99,111.58,2.00,12.39,4.73,64.81,0.10,2800.00,0
19.90,801.14,3.00,25.94,14.88,34.49,0.05,2200.00,0
11.37,109.37,2.00,11.94,7.66,65.47,0.44,2800.00,0
8.76,89.54,2.00,16.89,3.20,41.38,0.02,2800.00,0
8.50,128.45,1.00,10.56,3.44,42.05,0.14,4200.00,0
13.79,144.28,1.00,0.43,6.00,35.12,0.42,3500.00,0
6.82,109.31,1.00,12.75,2.16,43.26,0.17,4200.00,0
12.90,62.61,2.00,2.73,0.48,46.70,0.02,2800.00,0
9.00,81.01,1.00,5.22,2.43,39.45,0.22,3500.00,0
9.55,84.93,1.00,0.14,0.19,48.97,0.50,4200.00,0
14.26,798.73,3.00,9.91,2.70,52.13,0.30,2200.00,0
9.80,134.95,1.00,14.13,1.02,43.56,0.08,3500.00,0
7.70,100.10,1.00,44.38,1.54,54.28,0.01,3500.00,0
6.02,112.69,1.00,4.52,9.59,52.16,0.41,4200.00,0
10.92,99.47,2.00,57.78,1.31,45.34,0.13,3800.00,0
23.05,100.83,1.00,19.47,11.33,54.02,0.03,3500.00,1
14.53,79.48,2.00,11.16,3.21,46.50,0.05,2800.00,0
5.00,175.57,1.00,9.05,2.72,51.26,0.04,4200.00,0
19.29,790.06,3.00,6.02,12.52,47.16,0.30,2200.00,0
5.00,165.00,1.00,68.60,3.83,50.09,0.06,4200.00,1
19.56,40.00,1.00,18.23,6.85,31.93,0.01,3500.00,0
10.13,62.33,1.00,77.47,2.31,49.79,0.08,4200.00,1
9.70,48.04,2.00,3.46,2.50,49.28,0.03,2800.00,0
5.75,48.43,2.00,29.68,1.29,45.02,0.42,3800.00,0
7.71,72.31,2.00,4.05,0.90,15.17,0.07,3800.00,0
11.84,758.34,3.00,7.02,0.86,56.80,0.03,2200.00,0
8.86,92.65,2.00,5.96,0.79,50.01,0.16,3800.00,0
15.37,73.58,1.00,7.94,0.32,29.98,0.35,3500.00,0
10.69,95.57,2.00,12.50,0.23,53.24,0.33,2800.00,0
7.43,40.00,2.00,24.26,8.70,48.35,0.07,3800.00,0
18.22,97.40,1.00,45.83,5.75,30.57,0.81,3500.00,0
22.00,767.90,3.00,114.06,0.60,54.86,0.15,2200.00,1
11.27,705.20,3.00,107.36,1.94,38.03,0.37,2200.00,1
16.54,771.03,3.00,61.78,6.17,51.25,0.79,2200.00,1
5.00,123.43,1.00,5.33,3.71,43.32,0.03,4200.00,0
6.66,115.00,1.00,47.33,0.18,28.46,0.44,4200.00,0
18.51,776.88,3.00,6.14,1.04,47.69,0.23,2200.00,0
6.62,40.00,2.00,18.63,0.43,63.97,0.96,3800.00,0
21.85,84.98,2.00,25.36,7.46,61.84,0.06,2800.00,1
9.73,142.74,1.00,27.48,8.05,52.96,0.07,4200.00,0
7.88,96.81,1.00,85.52,5.84,24.37,0.01,3500.00,1
20.19,753.78,3.00,4.37,0.31,46.86,0.10,2200.00,1
15.72,76.32,2.00,19.08,3.85,44.26,0.10,3800.00,0
7.66,72.31,2.00,8.05,2.25,70.00,0.30,2800.00,0
8.16,108.83,2.00,21.44,1.70,41.51,0.15,3800.00,0
8.20,80.45,1.00,0.89,1.06,51.49,0.07,3500.00,0
14.06,84.78,2.00,43.78,3.01,49.57,0.21,2800.00,0
14.58,57.88,1.00,11.11,8.61,35.59,0.17,3500.00,0
14.05,779.69,3.00,1.66,2.70,34.05,0.26,2200.00,0
10.81,139.83,1.00,20.97,13.21,33.01,0.06,4200.00,0
5.72,117.58,1.00,7.02,6.77,36.45,0.01,4200.00,0
8.55,55.98,1.00,6.65,4.66,40.36,0.00,4200.00,0
11.72,40.00,2.00,31.72,7.31,60.88,0.54,2800.00,0
5.00,106.99,1.00,16.53,0.86,46.28,0.18,4200.00,0
11.41,77.78,1.00,34.98,1.22,54.38,0.06,3500.00,0
11.35,104.94,1.00,54.67,1.02,32.39,0.09,4200.00,0
18.10,751.86,3.00,13.93,3.13,46.33,0.34,2200.00,0
20.95,65.02,2.00,3.76,1.73,38.89,0.07,2800.00,1
9.18,777.51,3.00,35.11,4.48,51.05,0.12,2200.00,0
11.83,48.99,2.00,61.91,5.28,43.38,0.01,2800.00,1
8.96,48.73,2.00,20.54,0.31,50.41,0.33,3800.00,0
14.84,54.47,2.00,6.15,1.74,31.75,0.16,2800.00,0
20.48,89.56,2.00,75.33,0.31,63.30,0.09,2800.00,1
15.47,47.57,2.00,9.70,0.07,45.44,0.02,2800.00,0
11.18,83.16,1.00,1.40,3.74,40.16,0.42,3500.00,0
18.29,48.32,2.00,24.23,1.91,39.66,0.19,2800.00,0
6.54,40.00,2.00,4.41,6.06,66.35,0.34,3800.00,0
21.45,763.64,3.00,32.98,3.33,38.35,0.05,2200.00,1
15.20,48.18,2.00,0.00,0.06,63.78,0.24,2800.00,0
12.39,716.92,3.00,8.66,0.67,36.92,0.31,2200.00,0
5.00,108.79,1.00,34.66,1.13,26.99,0.06,4200.00,0
6.33,94.45,1.00,1.36,5.95,40.99,0.35,3500.00,0
7.14,49.25,1.00,22.70,1.19,25.35,0.01,4200.00,0
11.00,109.07,1.00,5.59,1.87,46.45,0.19,4200.00,0
15.05,76.56,1.00,172.93,1.34,49.59,0.18,3500.00,1
12.17,43.43,2.00,11.68,1.89,39.29,0.07,2800.00,0
18.69,749.20,3.00,80.30,2.15,25.74,0.44,2200.00,1
10.57,40.00,2.00,8.16,10.04,31.04,0.43,3800.00,0
11.31,168.95,2.00,40.54,3.88,40.78,0.08,2800.00,0
12.58,789.81,3.00,47.60,9.39,35.23,0.72,2200.00,0
16.13,40.00,2.00,37.74,1.45,48.92,0.22,2800.00,0
11.06,771.10,3.00,1.96,11.12,55.55,0.11,2200.00,0
12.94,112.98,1.00,9.01,1.23,58.37,0.32,3500.00,0
12.02,51.69,1.00,76.79,5.36,32.00,0.22,3500.00,1
20.47,55.03,2.00,16.69,1.94,57.37,0.10,2800.00,1
9.17,88.64,2.00,41.93,5.40,67.57,0.44,3800.00,0
5.18,108.28,1.00,12.87,5.06,52.73,0.09,3500.00,0
14.05,780.30,3.00,51.18,0.84,36.74,0.11,2200.00,0
16.53,40.00,2.00,12.79,0.04,40.58,0.17,2800.00,0
6.84,82.39,2.00,31.62,2.86,29.71,0.01,3800.00,0
17.71,77.09,2.00,30.56,5.58,32.58,0.02,2800.00,0
18.56,735.29,3.00,53.96,0.31,46.76,0.12,2200.00,0
5.78,54.42,1.00,3.21,0.45,51.13,0.15,4200.00,0
14.62,97.37,1.00,32.79,3.43,27.03,0.05,4200.00,0
13.32,62.43,1.00,31.83,0.61,38.97,0.07,3500.00,0
14.60,109.65,2.00,1.99,1.54,42.77,0.46,2800.00,0
10.26,89.01,1.00,59.84,2.56,52.09,0.24,3500.00,0
9.37,44.69,2.00,21.22,3.35,48.38,0.31,3800.00,0
11.06,40.00,2.00,25.35,4.71,57.02,0.16,3800.00,0
11.60,46.82,2.00,50.41,10.72,49.24,0.23,3800.00,0
12.40,40.00,2.00,7.37,7.55,49.01,0.06,2800.00,0
9.12,55.24,1.00,34.94,1.59,34.74,0.26,3500.00,0
19.75,153.41,1.00,93.09,1.60,49.54,0.03,3500.00,1
6.53,105.36,1.00,169.09,3.03,53.57,0.01,4200.00,1
6.60,90.45,2.00,7.06,3.01,30.76,0.03,3800.00,0
10.83,126.68,1.00,23.54,2.88,24.98,0.49,3500.00,0
8.89,58.01,1.00,53.56,10.12,41.56,0.77,4200.00,0
11.99,104.66,2.00,72.28,1.12,50.37,0.04,2800.00,1
8.58,65.07,2.00,43.37,1.55,47.83,0.18,3800.00,0
8.54,53.49,2.00,3.42,4.93,48.97,0.05,3800.00,0
5.00,104.43,1.00,8.97,0.78,53.89,0.20,4200.00,0
19.82,760.03,3.00,16.31,4.57,41.99,0.17,2200.00,0
15.24,77.90,2.00,67.37,0.56,51.74,0.14,3800.00,1
11.05,52.36,2.00,30.38,0.79,30.09,0.22,3800.00,0
12.35,76.94,2.00,7.64,4.34,31.57,0.33,2800.00,0
21.43,756.11,3.00,2.40,0.42,27.32,0.26,2200.00,1
20.05,98.29,2.00,35.88,1.07,30.08,0.01,2800.00,1
11.13,40.00,2.00,25.74,4.25,47.63,0.07,2800.00,0
14.82,760.45,3.00,1.32,1.76,48.14,0.24,2200.00,0
10.71,795.65,3.00,39.05,1.19,54.24,0.10,2200.00,0
9.23,759.77,3.00,15.90,0.34,45.22,0.38,2200.00,0
6.52,71.15,1.00,21.03,2.86,42.60,0.38,3500.00,0
6.92,84.08,2.00,21.79,0.37,45.10,0.05,3800.00,0
8.21,811.69,3.00,4.01,6.77,49.77,0.22,2200.00,0
13.58,120.94,1.00,2.05,2.33,37.69,0.56,3500.00,0
9.65,58.70,1.00,3.16,7.16,54.41,0.00,3500.00,0
18.11,730.05,3.00,7.21,1.30,48.81,0.03,2200.00,0
16.31,80.43,1.00,26.00,1.11,28.29,0.10,3500.00,0
14.22,73.32,2.00,28.04,1.43,48.54,0.13,3800.00,0
5.17,76.48,2.00,56.71,6.33,42.67,0.01,3800.00,0
10.72,109.75,2.00,27.58,4.42,51.29,0.00,2800.00,0
8.37,119.18,1.00,14.16,3.59,45.33,0.70,4200.00,0
9.79,83.96,2.00,57.94,0.67,29.86,0.12,2800.00,0
5.00,62.08,2.00,52.81,1.81,45.86,0.07,3800.00,0
9.97,77.55,2.00,19.92,0.00,31.95,0.71,2800.00,0
11.26,76.12,2.00,6.00,2.69,34.15,0.36,2800.00,0
13.11,47.24,2.00,67.17,2.52,40.30,0.04,3800.00,1
5.00,40.00,2.00,14.20,0.47,42.63,0.12,3800.00,0
21.32,95.09,2.00,10.35,2.97,68.82,0.01,2800.00,1
13.37,802.21,3.00,44.63,2.15,30.08,0.23,2200.00,0
20.52,780.92,3.00,13.48,4.77,39.78,0.10,2200.00,1
11.26,90.81,1.00,1.42,5.81,28.26,0.83,4200.00,0
8.84,794.42,3.00,5.51,1.58,37.57,0.54,2200.00,0
15.81,78.82,1.00,12.01,1.54,34.58,0.09,4200.00,0
11.16,67.73,2.00,33.44,0.01,59.72,0.15,3800.00,0
21.11,76.13,2.00,15.31,2.93,43.18,0.46,2800.00,1
15.50,40.00,2.00,26.85,0.29,17.91,0.41,2800.00,0
9.62,58.96,2.00,4.77,0.23,31.15,0.08,3800.00,0
12.46,96.79,1.00,20.02,5.15,61.72,0.11,3500.00,0
6.88,40.00,2.00,7.75,1.48,18.39,0.21,3800.00,0
11.75,40.78,2.00,25.35,5.42,33.42,0.01,3800.00,0
14.62,100.08,1.00,67.75,0.87,51.00,0.36,3500.00,1
6.78,89.70,2.00,36.84,0.54,52.68,0.16,3800.00,0
7.94,81.68,1.00,13.66,0.79,50.98,0.10,3500.00,0
17.98,52.28,2.00,12.52,4.58,38.74,0.00,2800.00,0
5.00,104.47,1.00,40.20,3.65,60.83,0.00,4200.00,0
14.79,40.00,2.00,0.49,0.42,60.60,0.21,3800.00,0
9.14,82.05,1.00,1.33,1.25,27.95,0.15,3500.00,0
10.09,797.05,3.00,10.16,2.23,36.78,0.40,2200.00,0
23.17,756.37,3.00,37.96,16.69,47.72,0.15,2200.00,1
14.55,734.18,3.00,48.47,0.64,40.35,0.25,2200.00,0
5.34,130.60,1.00,42.17,9.18,39.54,0.24,3500.00,0
17.62,97.36,1.00,10.11,3.14,53.13,0.28,3500.00,0
7.97,111.32,1.00,3.32,9.74,27.49,0.68,4200.00,0
7.58,40.00,2.00,6.97,0.48,47.19,0.40,3800.00,0
18.48,43.79,2.00,87.08,14.50,42.37,0.04,2800.00,1
16.85,74.84,1.00,44.93,1.27,57.82,0.01,3500.00,0
11.65,113.26,1.00,31.58,0.49,48.89,0.56,3500.00,0
12.83,770.70,3.00,30.45,4.56,48.46,0.19,2200.00,0
5.80,40.00,2.00,11.02,3.22,45.30,0.16,3800.00,0
12.98,755.25,3.00,70.26,1.76,54.26,0.07,2200.00,1
16.00,40.00,2.00,16.44,12.12,57.61,0.22,3800.00,0
6.78,98.61,1.00,36.39,1.23,35.79,0.11,4200.00,0
8.95,40.00,1.00,20.24,0.98,31.70,0.01,3500.00,0
19.87,837.83,3.00,3.00,8.39,52.63,0.43,2200.00,0
5.00,77.72,1.00,13.75,2.85,53.74,0.44,4200.00,0
21.16,783.97,3.00,115.76,1.64,39.05,0.03,2200.00,1
12.73,84.76,2.00,15.13,1.83,58.20,0.14,2800.00,0
15.02,82.55,2.00,47.08,4.88,70.00,0.23,3800.00,0
5.00,106.70,1.00,16.97,1.68,33.63,0.04,4200.00,0
13.96,40.00,2.00,28.07,12.07,53.14,0.16,2800.00,0
5.00,86.80,1.00,9.61,6.71,62.52,0.05,4200.00,0
19.31,150.80,1.00,7.34,0.26,55.17,1.23,4200.00,0
15.21,82.24,1.00,89.62,2.86,39.04,0.09,3500.00,1
15.66,104.71,1.00,1.34,2.67,32.11,0.10,4200.00,0
5.00,73.62,1.00,49.72,2.08,15.00,0.09,4200.00,0
12.00,40.00,2.00,41.41,1.46,61.83,0.02,2800.00,0
7.57,44.87,2.00,16.10,0.41,65.46,0.16,3800.00,0
14.94,89.71,1.00,0.03,7.86,31.57,0.05,3500.00,0
11.51,759.91,3.00,2.21,2.19,57.42,0.28,2200.00,0
5.93,125.33,1.00,5.96,1.46,47.93,0.31,4200.00,0
13.61,64.26,2.00,51.23,1.11,49.19,0.02,2800.00,0
9.71,115.28,1.00,25.43,1.58,58.39,0.03,4200.00,0
15.37,773.86,3.00,7.16,0.94,40.36,0.04,2200.00,0
17.98,58.98,2.00,5.08,2.19,44.85,0.01,2800.00,0
10.69,46.71,1.00,49.31,2.35,35.12,0.01,3500.00,0
11.16,40.00,2.00,42.08,5.12,48.22,0.56,3800.00,0
12.86,99.68,1.00,5.81,9.12,37.29,0.05,3500.00,0
10.11,48.14,2.00,6.29,4.32,47.41,0.24,2800.00,0
12.62,40.00,2.00,7.61,4.79,50.63,0.76,2800.00,0
13.88,90.74,2.00,40.01,0.48,26.87,0.07,2800.00,0
11.25,88.64,2.00,15.62,1.93,41.97,0.38,2800.00,0
13.67,40.00,2.00,26.44,0.45,38.48,0.73,2800.00,0
7.21,40.00,2.00,5.19,7.77,46.44,0.00,3800.00,0
23.13,113.86,1.00,27.85,1.98,35.60,0.01,3500.00,1
12.86,40.00,2.00,4.39,1.94,46.19,0.03,3800.00,0
11.56,92.79,2.00,13.26,3.21,39.75,0.07,2800.00,0
11.95,40.00,2.00,9.27,1.23,52.92,0.07,2800.00,0
19.67,816.30,3.00,40.08,1.04,35.93,0.31,2200.00,0
16.93,135.31,1.00,12.86,0.24,48.79,0.15,4200.00,0
10.39,45.82,2.00,13.32,0.53,70.00,0.31,2800.00,0
14.37,82.15,2.00,0.34,0.80,52.06,0.23,2800.00,0
17.32,41.43,2.00,32.21,7.90,28.15,0.10,2800.00,0
8.82,112.57,1.00,24.10,6.37,37.94,0.15,3500.00,0
14.38,796.12,3.00,47.22,0.52,56.33,0.13,2200.00,0
8.78,87.40,1.00,11.92,9.52,59.13,0.05,4200.00,0
20.96,756.33,3.00,24.59,1.88,45.30,0.05,2200.00,1
13.68,76.53,2.00,5.07,3.98,47.52,0.29,2800.00,0
10.05,82.02,1.00,5.92,0.95,58.27,0.46,3500.00,0
6.09,764.52,3.00,3.11,4.40,48.04,0.02,2200.00,0
8.70,126.34,1.00,11.27,2.47,59.61,0.74,3500.00,0
7.61,67.89,2.00,83.07,9.34,56.07,0.29,3800.00,1
12.87,85.76,1.00,35.66,3.68,63.85,0.01,4200.00,0
7.91,49.07,2.00,45.36,2.80,42.30,0.23,2800.00,0
19.47,835.40,3.00,0.78,0.79,41.52,0.09,2200.00,0
9.37,44.87,2.00,12.72,4.86,55.31,0.02,3800.00,0
18.60,734.19,3.00,5.63,0.27,55.32,0.79,2200.00,0
10.58,103.70,1.00,37.02,1.08,49.22,0.05,4200.00,0
17.23,769.83,3.00,8.07,1.51,50.02,0.09,2200.00,0
6.45,159.41,1.00,16.81,2.35,35.40,0.02,3500.00,0
10.82,40.00,2.00,22.53,6.97,19.39,0.16,2800.00,0
9.62,823.01,3.00,28.48,1.08,58.43,0.08,2200.00,0
6.38,103.51,1.00,46.97,2.37,40.77,0.84,3500.00,0
18.84,75.49,2.00,16.05,4.93,51.35,0.42,2800.00,0
20.18,761.59,3.00,5.91,2.76,38.95,0.54,2200.00,1
9.77,57.56,2.00,9.65,1.69,57.55,0.20,2800.00,0
9.59,73.54,1.00,15.17,4.82,52.04,0.10,3500.00,0
14.21,51.92,2.00,16.54,2.61,40.47,0.24,2800.00,0
5.00,48.51,1.00,11.55,6.14,39.74,0.26,3500.00,0
5.00,137.55,1.00,5.14,1.26,28.59,0.13,4200.00,0
8.72,69.70,1.00,8.30,1.37,38.54,0.85,4200.00,0
13.27,103.41,2.00,3.58,13.59,15.00,0.06,2800.00,0
13.29,66.27,1.00,8.21,0.10,26.72,0.13,3500.00,0
6.19,66.03,2.00,4.11,1.04,34.47,0.03,2800.00,0
21.30,750.83,3.00,19.27,2.22,70.00,0.22,2200.00,1
8.75,108.99,1.00,65.27,0.03,50.51,0.06,4200.00,1
16.07,55.00,2.00,44.67,7.44,57.27,0.00,2800.00,0
11.21,53.06,2.00,1.80,2.40,38.82,0.13,3800.00,0
14.13,768.94,3.00,18.39,6.18,48.38,0.09,2200.00,0
14.24,40.00,2.00,15.35,12.22,66.33,0.07,2800.00,0
5.00,80.48,1.00,30.81,0.33,59.95,0.05,3500.00,0
14.21,73.37,1.00,54.80,5.09,70.00,0.33,4200.00,0
8.81,51.89,2.00,7.75,1.81,31.50,0.17,2800.00,0
10.30,42.71,2.00,30.22,15.04,25.06,0.12,3800.00,0
19.49,790.16,3.00,22.83,4.10,58.54,0.08,2200.00,0
12.15,81.66,1.00,56.28,9.24,52.87,0.75,4200.00,0
10.30,40.00,2.00,4.82,5.74,63.40,0.02,3800.00,0
12.42,46.00,2.00,18.00,1.94,51.30,0.44,2800.00,0
19.19,72.62,2.00,42.47,8.67,47.57,0.03,2800.00,0
7.61,112.81,1.00,31.72,0.89,56.06,0.04,4200.00,0
13.33,716.98,3.00,0.71,1.71,52.67,0.24,2200.00,0
12.15,40.00,2.00,16.79,5.60,38.64,0.17,3800.00,0
10.85,40.00,2.00,33.47,2.70,45.75,0.24,3800.00,0
15.92,745.55,3.00,1.89,0.89,39.54,0.15,2200.00,0
23.56,780.34,3.00,4.22,3.67,70.00,0.03,2200.00,1
12.65,85.18,2.00,42.71,2.90,53.80,0.15,2800.00,0
17.68,785.52,3.00,31.29,0.13,59.24,0.64,2200.00,0
6.13,116.60,1.00,54.49,1.85,45.45,0.09,4200.00,0
12.80,61.59,2.00,9.16,11.41,47.63,0.09,2800.00,0
14.14,104.96,2.00,22.11,4.46,59.20,0.11,2800.00,0
5.00,99.97,1.00,15.24,1.11,36.37,0.11,4200.00,0
6.95,66.84,1.00,0.56,0.14,70.00,0.35,4200.00,0
15.63,102.18,1.00,1.97,2.18,49.57,0.29,3500.00,0
16.76,85.24,2.00,27.95,1.27,48.87,0.01,2800.00,0
14.53,149.57,1.00,5.79,1.46,53.68,0.51,3500.00,0
12.66,115.86,1.00,41.36,2.96,53.84,0.00,3500.00,0
23.51,60.47,2.00,65.33,0.11,44.06,0.01,3800.00,1
7.94,40.00,2.00,1.03,3.32,45.36,0.33,3800.00,0
11.00,40.00,2.00,14.64,0.21,35.01,0.35,3800.00,0
16.36,839.81,3.00,2.62,1.68,50.33,0.29,2200.00,0
9.05,40.00,2.00,5.10,2.37,38.28,0.09,3800.00,0
5.00,129.90,1.00,14.59,3.73,34.35,0.08,3500.00,0
12.75,89.35,2.00,45.26,2.15,42.12,0.14,2800.00,0
11.11,104.37,1.00,11.64,1.63,44.67,0.04,3500.00,0
10.32,93.71,1.00,228.49,1.58,49.36,0.51,3500.00,1
16.06,79.16,1.00,19.63,2.53,46.64,0.24,3500.00,0
5.00,89.27,1.00,2.10,2.89,44.54,0.02,4200.00,0
15.16,787.47,3.00,2.78,0.96,50.67,0.04,2200.00,0
6.75,66.35,2.00,1.87,4.40,61.51,0.12,3800.00,0
11.74,59.54,2.00,15.80,7.58,45.32,0.09,2800.00,0
14.62,791.13,3.00,1.62,1.66,40.46,0.03,2200.00,0
9.95,82.16,1.00,11.74,2.22,58.28,0.11,4200.00,0
5.00,40.00,2.00,43.77,2.11,49.45,0.01,3800.00,0
12.07,124.08,1.00,6.52,3.63,66.38,0.08,3500.00,0
11.84,59.81,1.00,5.07,1.17,23.25,0.15,4200.00,0
11.87,837.52,3.00,9.20,0.47,54.95,0.29,2200.00,0
7.69,40.00,2.00,17.26,2.67,41.09,0.26,3800.00,0
14.45,91.79,2.00,10.67,0.72,62.13,0.09,2800.00,0
17.05,791.26,3.00,13.25,0.71,45.61,0.38,2200.00,0
12.79,40.00,2.00,4.60,0.63,42.50,0.03,3800.00,0
11.63,74.30,2.00,15.52,1.90,37.48,0.81,2800.00,0
18.83,83.87,2.00,66.95,7.31,58.30,0.23,2800.00,1
8.10,40.00,2.00,2.33,1.11,51.64,0.30,3800.00,0
15.68,89.16,2.00,29.92,2.69,55.91,0.43,2800.00,0
14.78,799.43,3.00,22.14,3.98,42.90,0.08,2200.00,0
7.54,116.77,1.00,3.19,7.40,29.66,0.30,3500.00,0
8.56,50.35,1.00,7.07,6.98,31.85,0.28,4200.00,0
5.00,132.58,1.00,24.05,5.41,54.40,0.08,4200.00,0
16.99,106.42,1.00,13.36,1.24,53.86,0.26,4200.00,0
14.86,748.52,3.00,103.77,6.45,53.21,0.31,2200.00,1
9.69,40.00,2.00,12.98,0.65,41.02,0.42,3800.00,0
11.58,50.54,2.00,4.68,0.13,42.03,0.04,3800.00,0
12.52,83.11,2.00,12.96,0.15,31.15,0.16,2800.00,0
20.38,783.88,3.00,38.64,11.08,41.01,0.03,2200.00,1
5.67,61.65,2.00,9.01,0.49,30.02,0.21,3800.00,0
12.03,130.62,2.00,11.54,1.52,64.22,0.22,2800.00,0
5.45,165.70,1.00,7.83,0.20,37.92,0.16,3500.00,0
7.52,88.40,1.00,78.67,5.51,43.77,0.10,4200.00,1
6.95,88.02,1.00,7.23,8.65,48.02,0.15,4200.00,0
18.44,147.41,2.00,2.82,11.65,63.20,0.17,2800.00,0
10.53,90.95,1.00,1.60,7.66,40.81,0.44,3500.00,0
11.61,127.71,1.00,7.12,6.76,47.60,0.51,4200.00,0
13.05,761.19,3.00,18.71,2.70,62.93,0.15,2200.00,0
12.68,104.32,2.00,0.44,1.82,47.16,0.52,2800.00,0
17.47,779.06,3.00,5.56,0.24,63.11,0.36,2200.00,0
5.00,124.41,1.00,56.54,10.95,44.22,0.42,3500.00,0
18.31,775.53,3.00,55.14,2.60,22.11,0.12,2200.00,0
11.48,88.98,2.00,5.91,6.35,58.11,0.07,3800.00,0
6.96,89.52,2.00,44.01,3.90,48.93,0.05,2800.00,0
5.00,53.97,1.00,11.26,0.06,21.14,0.15,4200.00,0
11.75,58.46,2.00,39.53,6.08,43.91,0.13,3800.00,0
6.09,83.47,1.00,18.30,5.82,61.53,0.11,3500.00,0
8.45,165.75,1.00,66.74,4.68,56.68,0.22,4200.00,1
10.65,40.00,2.00,28.75,7.78,27.83,0.08,3800.00,0
9.36,826.49,3.00,45.13,4.58,35.90,0.13,2200.00,0
10.49,170.06,1.00,22.16,6.47,45.53,0.07,4200.00,0
9.48,87.95,1.00,32.92,0.15,34.84,0.03,4200.00,0
16.98,45.70,2.00,7.20,0.42,39.99,0.43,3800.00,0
14.68,816.82,3.00,0.36,4.62,24.55,0.07,2200.00,0
14.22,40.00,2.00,55.12,2.01,32.80,0.02,3800.00,0
13.37,753.35,3.00,20.79,0.27,56.57,0.04,2200.00,0
9.82,40.00,2.00,0.19,1.93,46.62,0.03,3800.00,0
5.00,93.91,1.00,26.37,0.10,49.70,0.06,4200.00,0
5.00,106.83,1.00,19.63,4.71,42.75,0.19,4200.00,0
11.19,98.44,2.00,27.70,1.37,69.62,0.18,2800.00,0
8.43,100.37,1.00,7.21,0.91,45.57,0.06,4200.00,0
16.03,747.51,3.00,20.60,1.44,51.95,0.09,2200.00,0
11.87,40.00,2.00,76.00,11.14,36.41,0.26,3800.00,1
5.00,40.00,2.00,8.94,2.96,49.87,0.08,3800.00,0
6.00,98.93,1.00,3.56,5.84,54.85,0.22,4200.00,0
20.30,75.56,2.00,52.50,0.38,60.88,0.11,2800.00,1
5.79,137.70,1.00,7.21,7.67,50.55,0.28,4200.00,0
15.18,99.95,2.00,47.74,1.57,39.94,0.12,2800.00,0
12.43,816.25,3.00,4.66,1.33,46.95,0.44,2200.00,0
9.30,166.93,1.00,19.91,0.77,45.84,0.17,3500.00,0
14.03,79.00,2.00,7.23,2.42,41.07,0.27,2800.00,0
7.56,134.00,1.00,33.95,2.77,54.95,0.63,4200.00,0
7.28,89.33,1.00,50.50,6.61,49.12,0.14,3500.00,0
19.02,787.54,3.00,29.93,1.62,46.23,0.08,2200.00,0
10.22,69.76,2.00,11.40,3.63,70.00,0.59,2800.00,0
19.67,814.29,3.00,58.43,0.92,57.93,0.00,2200.00,0
11.60,798.70,3.00,3.87,2.06,64.65,0.09,2200.00,0
9.73,46.36,2.00,55.25,2.23,37.57,0.22,3800.00,0
15.68,65.36,2.00,4.11,0.34,44.51,0.05,2800.00,0
16.51,97.42,2.00,29.76,2.34,28.70,0.14,2800.00,0
5.00,100.06,1.00,67.13,2.59,45.96,0.01,4200.00,1
13.28,53.56,2.00,27.71,2.22,34.05,0.06,2800.00,0
12.89,43.62,2.00,14.82,2.95,46.83,0.19,2800.00,0
16.88,761.95,3.00,16.76,0.52,46.60,0.02,2200.00,0
8.55,117.61,1.00,50.28,7.50,29.22,0.01,4200.00,0
20.54,40.00,2.00,14.76,0.25,15.00,0.06,3800.00,1
5.00,125.29,1.00,56.20,0.21,56.73,0.18,4200.00,0
